"","scientific_name","lat","long","source"
"1","Takydromus amurensis",36.203498,127.452512,"GBIF"
"2","Takydromus amurensis",37.688725,127.255797,"GBIF"
"3","Takydromus amurensis",37.341388,127.015133,"GBIF"
"4","Takydromus amurensis",38.067087,127.810744,"GBIF"
"5","Takydromus amurensis",35.398471,127.680167,"GBIF"
"6","Takydromus amurensis",36.655464,126.618615,"GBIF"
"7","Takydromus amurensis",37.956174,128.577954,"GBIF"
"8","Takydromus amurensis",36.840675,127.205833,"GBIF"
"9","Takydromus amurensis",35.880833,127.778333,"GBIF"
"10","Takydromus amurensis",35.29376,127.532231,"GBIF"
"11","Takydromus amurensis",38.108625,128.462989,"GBIF"
"12","Takydromus amurensis",35.909904,127.262374,"GBIF"
"13","Takydromus amurensis",35.910156,127.262455,"GBIF"
"14","Takydromus amurensis",35.306496,127.509791,"GBIF"
"15","Takydromus amurensis",35.932537,127.206613,"GBIF"
"16","Takydromus amurensis",38.08052,128.434813,"GBIF"
"17","Takydromus amurensis",38.163866,128.4864,"GBIF"
"18","Takydromus amurensis",35.201765,129.207288,"GBIF"
"19","Takydromus amurensis",36.569515,127.837226,"GBIF"
"20","Takydromus amurensis",34.675101,125.426067,"GBIF"
"21","Takydromus amurensis",37.58268,127.138859,"GBIF"
"22","Takydromus amurensis",35.521283,126.684194,"GBIF"
"23","Takydromus amurensis",37.77613,126.85125,"GBIF"
"24","Takydromus amurensis",37.752315,127.167808,"GBIF"
"25","Takydromus amurensis",37.75832,127.166225,"GBIF"
"26","Takydromus amurensis",36.784639,127.280337,"GBIF"
"27","Takydromus amurensis",37.777164,126.927079,"GBIF"
"28","Takydromus amurensis",37.619182,126.953802,"GBIF"
"29","Takydromus amurensis",35.202775,126.823555,"GBIF"
"30","Takydromus amurensis",37.521829,126.960132,"GBIF"
"31","Takydromus amurensis",36.638747,126.377013,"GBIF"
"32","Takydromus amurensis",37.588605,128.292293,"GBIF"
"33","Takydromus amurensis",37.588741,128.292937,"GBIF"
"34","Takydromus amurensis",36.724442,127.072645,"GBIF"
"35","Takydromus amurensis",35.345556,129.285,"GBIF"
"36","Takydromus amurensis",36.654214,127.021033,"GBIF"
"37","Takydromus amurensis",37.751499,127.167145,"GBIF"
"38","Takydromus amurensis",36.502677,127.021228,"GBIF"
"39","Takydromus amurensis",37.260788,128.47934,"GBIF"
"40","Takydromus amurensis",37.742648,128.72468,"GBIF"
"41","Takydromus amurensis",35.712545,128.528026,"GBIF"
"42","Takydromus amurensis",36.741868,126.586767,"GBIF"
"43","Takydromus amurensis",36.741378,126.58506,"GBIF"
"44","Takydromus amurensis",36.741883,126.587143,"GBIF"
"45","Takydromus amurensis",36.741725,126.586698,"GBIF"
"46","Takydromus amurensis",36.741503,126.58567,"GBIF"
"47","Takydromus amurensis",36.741983,126.583722,"GBIF"
"48","Takydromus amurensis",36.74183,126.585417,"GBIF"
"49","Takydromus amurensis",36.741495,126.58833,"GBIF"
"50","Takydromus amurensis",36.741732,126.587283,"GBIF"
"51","Takydromus amurensis",36.743218,126.586015,"GBIF"
"52","Takydromus amurensis",36.740581,126.593777,"GBIF"
"53","Takydromus amurensis",36.741566,126.586875,"GBIF"
"54","Takydromus amurensis",36.815234,128.029811,"GBIF"
"55","Takydromus amurensis",36.8162,128.030019,"GBIF"
"56","Takydromus amurensis",36.74179,126.5864,"GBIF"
"57","Takydromus amurensis",36.742607,126.586685,"GBIF"
"58","Takydromus amurensis",35.790955,128.075197,"GBIF"
"59","Takydromus amurensis",35.791627,128.079448,"GBIF"
"60","Takydromus amurensis",36.741458,126.585728,"GBIF"
"61","Takydromus amurensis",36.741528,126.585817,"GBIF"
"62","Takydromus amurensis",37.842162,128.516688,"GBIF"
"63","Takydromus amurensis",37.837807,128.525412,"GBIF"
"64","Takydromus amurensis",38.14092,128.470724,"GBIF"
"65","Takydromus amurensis",36.732362,127.063807,"GBIF"
"66","Takydromus amurensis",36.741458,126.588358,"GBIF"
"67","Takydromus amurensis",37.053333,125.956667,"GBIF"
"68","Takydromus amurensis",36.741443,126.588307,"GBIF"
"69","Takydromus amurensis",34.736072,126.639683,"GBIF"
"70","Takydromus amurensis",35.90987,127.40775,"GBIF"
"71","Takydromus amurensis",35.916087,127.40171,"GBIF"
"72","Takydromus amurensis",36.74179,126.586628,"GBIF"
"73","Takydromus amurensis",36.741562,126.588412,"GBIF"
"74","Takydromus amurensis",36.741668,126.586305,"GBIF"
"75","Takydromus amurensis",36.741775,126.586432,"GBIF"
"76","Takydromus amurensis",36.741703,126.586072,"GBIF"
"77","Takydromus amurensis",36.741775,126.586713,"GBIF"
"78","Takydromus amurensis",36.741575,126.587995,"GBIF"
"79","Takydromus amurensis",36.742105,126.587353,"GBIF"
"80","Takydromus amurensis",36.741807,126.587003,"GBIF"
"81","Takydromus amurensis",36.341111,127.284722,"GBIF"
"82","Takydromus amurensis",36.741625,126.585987,"GBIF"
"83","Takydromus amurensis",36.741468,126.58851,"GBIF"
"84","Takydromus amurensis",36.74182,126.58778,"GBIF"
"85","Takydromus amurensis",36.741867,126.586693,"GBIF"
"86","Takydromus amurensis",36.741438,126.588238,"GBIF"
"87","Takydromus amurensis",36.15193,127.744406,"GBIF"
"88","Takydromus amurensis",36.200833,127.337222,"GBIF"
"89","Takydromus amurensis",36.741584,126.586425,"GBIF"
"90","Takydromus amurensis",36.741761,126.588097,"GBIF"
"91","Takydromus amurensis",34.738827,126.633074,"GBIF"
"92","Takydromus amurensis",34.677218,125.369679,"GBIF"
"93","Takydromus amurensis",37.638432,128.342972,"GBIF"
"94","Takydromus amurensis",37.639519,128.341942,"GBIF"
"95","Takydromus amurensis",36.374757,127.196617,"GBIF"
"96","Takydromus amurensis",38.143198,127.706451,"GBIF"
"97","Takydromus amurensis",36.741192,126.589046,"GBIF"
"98","Takydromus amurensis",37.649272,128.328874,"GBIF"
"99","Takydromus amurensis",36.642434,127.489032,"GBIF"
"100","Takydromus amurensis",36.74749,129.107895,"GBIF"
"101","Takydromus amurensis",37.591655,128.302631,"GBIF"
"102","Takydromus amurensis",35.728153,127.045992,"GBIF"
"103","Takydromus amurensis",36.857222,127.670833,"GBIF"
"104","Takydromus amurensis",36.836694,127.724583,"GBIF"
"105","Takydromus amurensis",36.932333,127.955222,"GBIF"
"106","Takydromus amurensis",36.912536,127.927853,"GBIF"
"107","Takydromus amurensis",36.84795,127.609419,"GBIF"
"108","Takydromus amurensis",36.995839,127.419478,"GBIF"
"109","Takydromus amurensis",37.982028,128.1985,"GBIF"
"110","Takydromus amurensis",35.493786,127.859786,"GBIF"
"111","Takydromus amurensis",36.912139,127.806806,"GBIF"
"112","Takydromus amurensis",36.893861,127.846972,"GBIF"
"113","Takydromus amurensis",36.903722,127.850417,"GBIF"
"114","Takydromus amurensis",36.988778,127.706583,"GBIF"
"115","Takydromus amurensis",36.889917,127.703611,"GBIF"
"116","Takydromus amurensis",36.905306,127.729083,"GBIF"
"117","Takydromus amurensis",36.859089,127.775653,"GBIF"
"118","Takydromus amurensis",36.865931,127.773347,"GBIF"
"119","Takydromus amurensis",36.776806,127.805528,"GBIF"
"120","Takydromus amurensis",36.724056,127.764361,"GBIF"
"121","Takydromus amurensis",36.742678,127.798214,"GBIF"
"122","Takydromus amurensis",36.691889,127.7305,"GBIF"
"123","Takydromus amurensis",36.633969,127.677472,"GBIF"
"124","Takydromus amurensis",36.743917,127.998528,"GBIF"
"125","Takydromus amurensis",36.643333,127.984978,"GBIF"
"126","Takydromus amurensis",36.842333,127.881139,"GBIF"
"127","Takydromus amurensis",36.803814,127.912486,"GBIF"
"128","Takydromus amurensis",36.804311,127.91145,"GBIF"
"129","Takydromus amurensis",36.774028,127.912583,"GBIF"
"130","Takydromus amurensis",37.725578,128.031314,"GBIF"
"131","Takydromus amurensis",36.950294,128.119867,"GBIF"
"132","Takydromus amurensis",36.66355,128.096864,"GBIF"
"133","Takydromus amurensis",36.872281,128.014594,"GBIF"
"134","Takydromus amurensis",35.395411,126.434444,"GBIF"
"135","Takydromus amurensis",35.446072,126.518164,"GBIF"
"136","Takydromus amurensis",36.864969,128.020839,"GBIF"
"137","Takydromus amurensis",35.494475,126.667917,"GBIF"
"138","Takydromus amurensis",35.385522,126.718144,"GBIF"
"139","Takydromus amurensis",36.642347,128.044997,"GBIF"
"140","Takydromus amurensis",35.436233,127.279531,"GBIF"
"141","Takydromus amurensis",35.407194,126.449708,"GBIF"
"142","Takydromus amurensis",37.804733,128.473056,"GBIF"
"143","Takydromus amurensis",36.749333,127.295286,"GBIF"
"144","Takydromus amurensis",36.838792,128.005208,"GBIF"
"145","Takydromus amurensis",37.694531,128.271267,"GBIF"
"146","Takydromus amurensis",37.717753,128.280269,"GBIF"
"147","Takydromus amurensis",37.650981,128.491494,"GBIF"
"148","Takydromus amurensis",37.668006,128.428417,"GBIF"
"149","Takydromus amurensis",36.6381,127.413386,"GBIF"
"150","Takydromus amurensis",38.054472,128.216139,"GBIF"
"151","Takydromus amurensis",38.010117,128.610089,"GBIF"
"152","Takydromus amurensis",38.010294,128.651325,"GBIF"
"153","Takydromus amurensis",37.909914,128.79795,"GBIF"
"154","Takydromus amurensis",37.894603,128.7183,"GBIF"
"155","Takydromus amurensis",37.880872,128.739297,"GBIF"
"156","Takydromus amurensis",37.823133,128.295144,"GBIF"
"157","Takydromus amurensis",36.933189,128.351678,"GBIF"
"158","Takydromus amurensis",36.765036,128.006067,"GBIF"
"159","Takydromus amurensis",37.783425,128.320983,"GBIF"
"160","Takydromus amurensis",37.787525,128.434956,"GBIF"
"161","Takydromus amurensis",37.722728,127.985644,"GBIF"
"162","Takydromus amurensis",37.722864,127.982231,"GBIF"
"163","Takydromus amurensis",37.791106,128.491339,"GBIF"
"164","Takydromus amurensis",37.637969,128.346969,"GBIF"
"165","Takydromus amurensis",36.892339,128.006878,"GBIF"
"166","Takydromus amurensis",37.663792,128.305675,"GBIF"
"167","Takydromus amurensis",36.729372,128.348947,"GBIF"
"168","Takydromus amurensis",37.981411,127.817756,"GBIF"
"169","Takydromus amurensis",37.765167,127.788167,"GBIF"
"170","Takydromus amurensis",37.773883,127.965678,"GBIF"
"171","Takydromus amurensis",37.828317,128.156653,"GBIF"
"172","Takydromus amurensis",37.825264,128.145778,"GBIF"
"173","Takydromus amurensis",37.784764,128.337722,"GBIF"
"174","Takydromus amurensis",35.548456,127.677692,"GBIF"
"175","Takydromus amurensis",35.591278,126.535764,"GBIF"
"176","Takydromus amurensis",35.546797,126.626911,"GBIF"
"177","Takydromus amurensis",35.546228,126.631317,"GBIF"
"178","Takydromus amurensis",35.530253,126.567667,"GBIF"
"179","Takydromus amurensis",35.478381,126.548089,"GBIF"
"180","Takydromus amurensis",36.781519,128.280492,"GBIF"
"181","Takydromus amurensis",37.676944,127.949444,"GBIF"
"182","Takydromus amurensis",35.427189,126.700281,"GBIF"
"183","Takydromus amurensis",37.698153,128.532128,"GBIF"
"184","Takydromus amurensis",37.701825,128.4828,"GBIF"
"185","Takydromus amurensis",37.862606,127.931367,"GBIF"
"186","Takydromus amurensis",37.817264,127.899542,"GBIF"
"187","Takydromus amurensis",37.861011,127.848456,"GBIF"
"188","Takydromus amurensis",34.736816,126.639662,"GBIF"
"189","Takydromus amurensis",34.736384,126.638343,"GBIF"
"190","Takydromus amurensis",37.954806,128.193139,"GBIF"
"191","Takydromus amurensis",37.978194,128.277139,"GBIF"
"192","Takydromus amurensis",37.934,128.267111,"GBIF"
"193","Takydromus amurensis",37.701983,128.279436,"GBIF"
"194","Takydromus amurensis",37.952111,128.130333,"GBIF"
"195","Takydromus amurensis",37.943722,128.149111,"GBIF"
"196","Takydromus amurensis",37.956167,128.17125,"GBIF"
"197","Takydromus amurensis",37.97975,128.225306,"GBIF"
"198","Takydromus amurensis",37.944583,128.226056,"GBIF"
"199","Takydromus amurensis",37.914167,128.145972,"GBIF"
"200","Takydromus amurensis",37.910083,128.178667,"GBIF"
"201","Takydromus amurensis",37.905611,128.216639,"GBIF"
"202","Takydromus amurensis",37.98275,128.45475,"GBIF"
"203","Takydromus amurensis",37.972333,128.426111,"GBIF"
"204","Takydromus amurensis",37.979417,128.490389,"GBIF"
"205","Takydromus amurensis",37.921167,128.401472,"GBIF"
"206","Takydromus amurensis",37.92925,128.443722,"GBIF"
"207","Takydromus amurensis",37.934139,128.493361,"GBIF"
"208","Takydromus amurensis",37.924,128.30375,"GBIF"
"209","Takydromus amurensis",37.892,128.283556,"GBIF"
"210","Takydromus amurensis",37.90525,128.302444,"GBIF"
"211","Takydromus amurensis",37.88025,128.370194,"GBIF"
"212","Takydromus amurensis",37.971778,128.400611,"GBIF"
"213","Takydromus amurensis",37.9725,128.433639,"GBIF"
"214","Takydromus amurensis",38.065944,128.276139,"GBIF"
"215","Takydromus amurensis",38.0795,128.320917,"GBIF"
"216","Takydromus amurensis",38.054944,128.356,"GBIF"
"217","Takydromus amurensis",38.093194,128.14875,"GBIF"
"218","Takydromus amurensis",38.120778,128.2225,"GBIF"
"219","Takydromus amurensis",38.05325,128.164861,"GBIF"
"220","Takydromus amurensis",38.07,128.154806,"GBIF"
"221","Takydromus amurensis",38.050083,128.142528,"GBIF"
"222","Takydromus amurensis",38.078056,128.203833,"GBIF"
"223","Takydromus amurensis",38.049194,128.357,"GBIF"
"224","Takydromus amurensis",38.161961,128.442086,"GBIF"
"225","Takydromus amurensis",37.914833,128.381194,"GBIF"
"226","Takydromus amurensis",38.029528,128.280722,"GBIF"
"227","Takydromus amurensis",38.031806,128.359472,"GBIF"
"228","Takydromus amurensis",38.013806,128.192694,"GBIF"
"229","Takydromus amurensis",38.017722,128.243361,"GBIF"
"230","Takydromus amurensis",38.03925,128.287389,"GBIF"
"231","Takydromus amurensis",38.016694,128.28075,"GBIF"
"232","Takydromus amurensis",38.030389,128.311306,"GBIF"
"233","Takydromus amurensis",37.991392,128.685322,"GBIF"
"234","Takydromus amurensis",38.053944,128.219,"GBIF"
"235","Takydromus amurensis",38.012944,128.150583,"GBIF"
"236","Takydromus amurensis",38.028694,128.224917,"GBIF"
"237","Takydromus amurensis",37.956575,128.581292,"GBIF"
"238","Takydromus amurensis",37.879939,128.705467,"GBIF"
"239","Takydromus amurensis",37.905169,128.609675,"GBIF"
"240","Takydromus amurensis",37.895292,128.557764,"GBIF"
"241","Takydromus amurensis",35.8875,127.828611,"GBIF"
"242","Takydromus amurensis",35.943611,127.831667,"GBIF"
"243","Takydromus amurensis",35.930556,127.906111,"GBIF"
"244","Takydromus amurensis",35.896944,127.894444,"GBIF"
"245","Takydromus amurensis",35.930833,128.112222,"GBIF"
"246","Takydromus amurensis",35.904167,128.120556,"GBIF"
"247","Takydromus amurensis",35.864722,127.943056,"GBIF"
"248","Takydromus amurensis",35.856944,127.932778,"GBIF"
"249","Takydromus amurensis",37.213556,128.188111,"GBIF"
"250","Takydromus amurensis",37.09855,127.812919,"GBIF"
"251","Takydromus amurensis",37.047728,127.798925,"GBIF"
"252","Takydromus amurensis",35.784722,127.801667,"GBIF"
"253","Takydromus amurensis",35.8625,128.029444,"GBIF"
"254","Takydromus amurensis",35.848611,128.054167,"GBIF"
"255","Takydromus amurensis",35.814167,128.058333,"GBIF"
"256","Takydromus amurensis",35.781389,128.008889,"GBIF"
"257","Takydromus amurensis",35.849722,128.220556,"GBIF"
"258","Takydromus amurensis",35.802778,128.159167,"GBIF"
"259","Takydromus amurensis",35.821389,128.244444,"GBIF"
"260","Takydromus amurensis",37.216903,128.525592,"GBIF"
"261","Takydromus amurensis",37.2378,127.853494,"GBIF"
"262","Takydromus amurensis",37.206436,129.183206,"GBIF"
"263","Takydromus amurensis",37.233003,128.819597,"GBIF"
"264","Takydromus amurensis",37.009442,128.863831,"GBIF"
"265","Takydromus amurensis",36.708339,126.874752,"GBIF"
"266","Takydromus amurensis",37.183967,127.767664,"GBIF"
"267","Takydromus amurensis",37.200844,127.826828,"GBIF"
"268","Takydromus amurensis",37.129128,127.839092,"GBIF"
"269","Takydromus amurensis",37.174263,127.95386,"GBIF"
"270","Takydromus amurensis",35.966389,127.824167,"GBIF"
"271","Takydromus amurensis",35.983611,127.850278,"GBIF"
"272","Takydromus amurensis",35.9775,127.855278,"GBIF"
"273","Takydromus amurensis",35.953889,127.859722,"GBIF"
"274","Takydromus amurensis",35.926389,127.857778,"GBIF"
"275","Takydromus amurensis",35.9075,127.765556,"GBIF"
"276","Takydromus amurensis",35.899722,127.774167,"GBIF"
"277","Takydromus amurensis",35.9075,127.815278,"GBIF"
"278","Takydromus amurensis",35.885556,127.867778,"GBIF"
"279","Takydromus amurensis",35.946389,127.894167,"GBIF"
"280","Takydromus amurensis",35.933333,127.930278,"GBIF"
"281","Takydromus amurensis",35.910278,127.910278,"GBIF"
"282","Takydromus amurensis",35.951111,128.021944,"GBIF"
"283","Takydromus amurensis",35.942222,128.070278,"GBIF"
"284","Takydromus amurensis",35.931389,128.065278,"GBIF"
"285","Takydromus amurensis",35.9075,128.069444,"GBIF"
"286","Takydromus amurensis",35.992778,128.195833,"GBIF"
"287","Takydromus amurensis",35.898889,128.133889,"GBIF"
"288","Takydromus amurensis",35.796158,129.058308,"GBIF"
"289","Takydromus amurensis",37.237308,128.738019,"GBIF"
"290","Takydromus amurensis",37.242181,128.517389,"GBIF"
"291","Takydromus amurensis",37.202689,128.509356,"GBIF"
"292","Takydromus amurensis",35.851944,127.826389,"GBIF"
"293","Takydromus amurensis",35.853611,127.84,"GBIF"
"294","Takydromus amurensis",35.813056,127.775556,"GBIF"
"295","Takydromus amurensis",37.104339,128.640031,"GBIF"
"296","Takydromus amurensis",37.063467,128.542725,"GBIF"
"297","Takydromus amurensis",36.724129,126.587863,"GBIF"
"298","Takydromus amurensis",36.697053,126.424484,"GBIF"
"299","Takydromus amurensis",35.806389,127.848889,"GBIF"
"300","Takydromus amurensis",35.778056,127.768889,"GBIF"
"301","Takydromus amurensis",35.774167,127.853056,"GBIF"
"302","Takydromus amurensis",35.839722,127.978889,"GBIF"
"303","Takydromus amurensis",35.808333,127.954444,"GBIF"
"304","Takydromus amurensis",35.797222,127.965,"GBIF"
"305","Takydromus amurensis",35.849722,128.0175,"GBIF"
"306","Takydromus amurensis",35.8425,128.104722,"GBIF"
"307","Takydromus amurensis",35.802222,128.030556,"GBIF"
"308","Takydromus amurensis",35.829444,128.076389,"GBIF"
"309","Takydromus amurensis",35.776111,128.034722,"GBIF"
"310","Takydromus amurensis",35.844722,128.147222,"GBIF"
"311","Takydromus amurensis",35.870556,128.235278,"GBIF"
"312","Takydromus amurensis",35.763611,128.173889,"GBIF"
"313","Takydromus amurensis",35.996481,128.996756,"GBIF"
"314","Takydromus amurensis",37.206447,128.697422,"GBIF"
"315","Takydromus amurensis",36.726227,126.627388,"GBIF"
"316","Takydromus amurensis",36.79389,126.405949,"GBIF"
"317","Takydromus amurensis",36.741154,126.594858,"GBIF"
"318","Takydromus amurensis",37.203786,127.868525,"GBIF"
"319","Takydromus amurensis",37.081886,127.853756,"GBIF"
"320","Takydromus amurensis",37.110658,127.906386,"GBIF"
"321","Takydromus amurensis",37.048147,127.919539,"GBIF"
"322","Takydromus amurensis",37.073744,127.964225,"GBIF"
"323","Takydromus amurensis",34.674097,126.988783,"GBIF"
"324","Takydromus amurensis",34.59545,126.799797,"GBIF"
"325","Takydromus amurensis",35.950025,127.2388,"GBIF"
"326","Takydromus amurensis",36.098833,127.625806,"GBIF"
"327","Takydromus amurensis",36.087778,127.699278,"GBIF"
"328","Takydromus amurensis",36.02575,127.689,"GBIF"
"329","Takydromus amurensis",36.2195,127.661722,"GBIF"
"330","Takydromus amurensis",36.189111,127.6745,"GBIF"
"331","Takydromus amurensis",36.133667,127.691667,"GBIF"
"332","Takydromus amurensis",36.211694,127.790639,"GBIF"
"333","Takydromus amurensis",36.244722,127.866389,"GBIF"
"334","Takydromus amurensis",36.2075,127.839778,"GBIF"
"335","Takydromus amurensis",36.152833,127.84225,"GBIF"
"336","Takydromus amurensis",36.115583,127.824111,"GBIF"
"337","Takydromus amurensis",36.091333,127.842583,"GBIF"
"338","Takydromus amurensis",36.118528,127.866306,"GBIF"
"339","Takydromus amurensis",36.054056,127.829389,"GBIF"
"340","Takydromus amurensis",36.037056,129.340306,"GBIF"
"341","Takydromus amurensis",36.141889,129.343333,"GBIF"
"342","Takydromus amurensis",36.047222,128.822222,"GBIF"
"343","Takydromus amurensis",34.468478,127.163322,"GBIF"
"344","Takydromus amurensis",34.4785,127.175686,"GBIF"
"345","Takydromus amurensis",34.461847,127.178614,"GBIF"
"346","Takydromus amurensis",34.481342,127.218164,"GBIF"
"347","Takydromus amurensis",34.453211,127.173086,"GBIF"
"348","Takydromus amurensis",34.435375,127.12735,"GBIF"
"349","Takydromus amurensis",34.489403,126.900272,"GBIF"
"350","Takydromus amurensis",34.605942,127.421914,"GBIF"
"351","Takydromus amurensis",34.311553,126.764347,"GBIF"
"352","Takydromus amurensis",36.10075,128.259333,"GBIF"
"353","Takydromus amurensis",37.454206,128.724817,"GBIF"
"354","Takydromus amurensis",37.396356,128.669667,"GBIF"
"355","Takydromus amurensis",37.442506,128.880514,"GBIF"
"356","Takydromus amurensis",37.385019,128.938558,"GBIF"
"357","Takydromus amurensis",37.384919,128.932128,"GBIF"
"358","Takydromus amurensis",37.482083,128.825169,"GBIF"
"359","Takydromus amurensis",37.42695,128.5196,"GBIF"
"360","Takydromus amurensis",37.422203,128.619703,"GBIF"
"361","Takydromus amurensis",37.284369,128.739253,"GBIF"
"362","Takydromus amurensis",37.469975,128.617886,"GBIF"
"363","Takydromus amurensis",37.472308,128.733583,"GBIF"
"364","Takydromus amurensis",37.327772,128.590714,"GBIF"
"365","Takydromus amurensis",37.111775,127.022544,"GBIF"
"366","Takydromus amurensis",36.052489,128.451478,"GBIF"
"367","Takydromus amurensis",37.424756,128.821156,"GBIF"
"368","Takydromus amurensis",37.268525,128.769203,"GBIF"
"369","Takydromus amurensis",36.489861,128.726694,"GBIF"
"370","Takydromus amurensis",36.366083,129.242233,"GBIF"
"371","Takydromus amurensis",37.73717,128.767558,"GBIF"
"372","Takydromus amurensis",37.682778,128.805833,"GBIF"
"373","Takydromus amurensis",37.659398,128.828088,"GBIF"
"374","Takydromus amurensis",37.639716,128.910774,"GBIF"
"375","Takydromus amurensis",37.34875,128.226694,"GBIF"
"376","Takydromus amurensis",37.342472,128.233694,"GBIF"
"377","Takydromus amurensis",37.314361,128.233194,"GBIF"
"378","Takydromus amurensis",37.530556,129.006667,"GBIF"
"379","Takydromus amurensis",36.117028,127.398972,"GBIF"
"380","Takydromus amurensis",36.075333,127.487306,"GBIF"
"381","Takydromus amurensis",37.479267,127.816819,"GBIF"
"382","Takydromus amurensis",37.619972,128.538694,"GBIF"
"383","Takydromus amurensis",37.592694,128.567306,"GBIF"
"384","Takydromus amurensis",37.600472,128.588556,"GBIF"
"385","Takydromus amurensis",37.549944,128.558944,"GBIF"
"386","Takydromus amurensis",37.54225,128.60525,"GBIF"
"387","Takydromus amurensis",37.511194,128.546778,"GBIF"
"388","Takydromus amurensis",37.563917,128.698528,"GBIF"
"389","Takydromus amurensis",37.522056,128.702778,"GBIF"
"390","Takydromus amurensis",37.590556,128.759444,"GBIF"
"391","Takydromus amurensis",37.610278,128.780833,"GBIF"
"392","Takydromus amurensis",37.594722,128.800833,"GBIF"
"393","Takydromus amurensis",37.599167,128.822222,"GBIF"
"394","Takydromus amurensis",37.612803,128.855809,"GBIF"
"395","Takydromus amurensis",37.556093,128.786566,"GBIF"
"396","Takydromus amurensis",37.573333,128.800833,"GBIF"
"397","Takydromus amurensis",37.511667,128.803333,"GBIF"
"398","Takydromus amurensis",37.529167,128.811667,"GBIF"
"399","Takydromus amurensis",37.462033,128.047039,"GBIF"
"400","Takydromus amurensis",37.365606,128.269522,"GBIF"
"401","Takydromus amurensis",37.659444,129.007917,"GBIF"
"402","Takydromus amurensis",34.837317,127.705767,"GBIF"
"403","Takydromus amurensis",36.036917,127.570389,"GBIF"
"404","Takydromus amurensis",36.320492,129.188694,"GBIF"
"405","Takydromus amurensis",37.329822,127.184064,"GBIF"
"406","Takydromus amurensis",37.451322,127.785697,"GBIF"
"407","Takydromus amurensis",37.492467,127.974656,"GBIF"
"408","Takydromus amurensis",37.294675,127.917411,"GBIF"
"409","Takydromus amurensis",37.718889,128.537778,"GBIF"
"410","Takydromus amurensis",37.727639,128.558056,"GBIF"
"411","Takydromus amurensis",37.686351,128.504681,"GBIF"
"412","Takydromus amurensis",37.704396,128.526547,"GBIF"
"413","Takydromus amurensis",37.677361,128.596667,"GBIF"
"414","Takydromus amurensis",37.701528,128.599306,"GBIF"
"415","Takydromus amurensis",37.638177,128.518179,"GBIF"
"416","Takydromus amurensis",37.659167,128.551667,"GBIF"
"417","Takydromus amurensis",37.634167,128.605833,"GBIF"
"418","Takydromus amurensis",37.6525,128.6175,"GBIF"
"419","Takydromus amurensis",37.487636,128.234217,"GBIF"
"420","Takydromus amurensis",37.357769,128.308606,"GBIF"
"421","Takydromus amurensis",37.292792,128.350378,"GBIF"
"422","Takydromus amurensis",37.395814,127.788381,"GBIF"
"423","Takydromus amurensis",34.894525,127.920875,"GBIF"
"424","Takydromus amurensis",36.369168,128.890936,"GBIF"
"425","Takydromus amurensis",36.305556,128.908333,"GBIF"
"426","Takydromus amurensis",36.288889,128.881944,"GBIF"
"427","Takydromus amurensis",37.479447,127.270972,"GBIF"
"428","Takydromus amurensis",37.719167,128.539722,"GBIF"
"429","Takydromus amurensis",37.726671,128.558176,"GBIF"
"430","Takydromus amurensis",37.680498,128.524522,"GBIF"
"431","Takydromus amurensis",37.679167,128.596667,"GBIF"
"432","Takydromus amurensis",37.651944,128.533056,"GBIF"
"433","Takydromus amurensis",37.720556,128.672222,"GBIF"
"434","Takydromus amurensis",37.731279,128.719622,"GBIF"
"435","Takydromus amurensis",37.703354,128.658707,"GBIF"
"436","Takydromus amurensis",37.675694,128.728056,"GBIF"
"437","Takydromus amurensis",37.694761,128.716663,"GBIF"
"438","Takydromus amurensis",37.642898,128.6332,"GBIF"
"439","Takydromus amurensis",37.63375,128.70375,"GBIF"
"440","Takydromus amurensis",37.725417,128.933194,"GBIF"
"441","Takydromus amurensis",37.723056,128.996667,"GBIF"
"442","Takydromus amurensis",37.692917,128.943889,"GBIF"
"443","Takydromus amurensis",37.679352,128.924437,"GBIF"
"444","Takydromus amurensis",37.697361,128.976111,"GBIF"
"445","Takydromus amurensis",37.638056,128.91,"GBIF"
"446","Takydromus amurensis",37.655833,128.920972,"GBIF"
"447","Takydromus amurensis",37.654397,128.962405,"GBIF"
"448","Takydromus amurensis",37.661233,128.966422,"GBIF"
"449","Takydromus amurensis",37.418481,128.227603,"GBIF"
"450","Takydromus amurensis",37.427706,128.278842,"GBIF"
"451","Takydromus amurensis",37.555833,129.010556,"GBIF"
"452","Takydromus amurensis",37.575278,129.016111,"GBIF"
"453","Takydromus amurensis",37.553333,129.065556,"GBIF"
"454","Takydromus amurensis",37.572778,129.059444,"GBIF"
"455","Takydromus amurensis",37.516974,129.047475,"GBIF"
"456","Takydromus amurensis",37.538056,129.070694,"GBIF"
"457","Takydromus amurensis",37.388709,128.435669,"GBIF"
"458","Takydromus amurensis",36.150392,126.775375,"GBIF"
"459","Takydromus amurensis",37.398822,127.328317,"GBIF"
"460","Takydromus amurensis",37.301994,127.8129,"GBIF"
"461","Takydromus amurensis",37.715425,128.784233,"GBIF"
"462","Takydromus amurensis",37.716536,128.786733,"GBIF"
"463","Takydromus amurensis",37.742778,128.809444,"GBIF"
"464","Takydromus amurensis",37.725278,128.823889,"GBIF"
"465","Takydromus amurensis",37.723333,128.8475,"GBIF"
"466","Takydromus amurensis",37.6825,128.805139,"GBIF"
"467","Takydromus amurensis",37.653333,128.788056,"GBIF"
"468","Takydromus amurensis",37.656389,128.829444,"GBIF"
"469","Takydromus amurensis",37.631667,128.858611,"GBIF"
"470","Takydromus amurensis",37.657222,128.855833,"GBIF"
"471","Takydromus amurensis",37.5875,128.7625,"GBIF"
"472","Takydromus amurensis",37.610063,128.7829,"GBIF"
"473","Takydromus amurensis",37.611668,128.77869,"GBIF"
"474","Takydromus amurensis",37.595556,128.799444,"GBIF"
"475","Takydromus amurensis",37.601111,128.82,"GBIF"
"476","Takydromus amurensis",37.556927,128.787677,"GBIF"
"477","Takydromus amurensis",37.575619,128.782049,"GBIF"
"478","Takydromus amurensis",37.573056,128.801944,"GBIF"
"479","Takydromus amurensis",37.573611,128.850556,"GBIF"
"480","Takydromus amurensis",37.529167,128.811944,"GBIF"
"481","Takydromus amurensis",37.594671,128.930698,"GBIF"
"482","Takydromus amurensis",37.611944,128.952778,"GBIF"
"483","Takydromus amurensis",37.598333,128.983889,"GBIF"
"484","Takydromus amurensis",37.613056,128.973889,"GBIF"
"485","Takydromus amurensis",37.551111,128.886944,"GBIF"
"486","Takydromus amurensis",37.562222,128.895556,"GBIF"
"487","Takydromus amurensis",37.562222,128.937222,"GBIF"
"488","Takydromus amurensis",37.574722,128.938056,"GBIF"
"489","Takydromus amurensis",37.5575,128.988056,"GBIF"
"490","Takydromus amurensis",37.575128,128.964732,"GBIF"
"491","Takydromus amurensis",37.524167,128.908056,"GBIF"
"492","Takydromus amurensis",37.523056,128.941111,"GBIF"
"493","Takydromus amurensis",37.537222,128.921944,"GBIF"
"494","Takydromus amurensis",37.660278,129.011111,"GBIF"
"495","Takydromus amurensis",36.740466,126.603441,"GBIF"
"496","Takydromus amurensis",36.299305,129.177032,"GBIF"
"497","Takydromus amurensis",37.318275,127.003403,"GBIF"
"498","Takydromus amurensis",37.441858,128.038219,"GBIF"
"499","Takydromus amurensis",34.60475,127.501217,"GBIF"
"500","Takydromus amurensis",35.200818,128.182388,"GBIF"
"501","Takydromus amurensis",36.369835,128.900761,"GBIF"
"502","Takydromus amurensis",36.365278,128.952778,"GBIF"
"503","Takydromus amurensis",36.425,129.111111,"GBIF"
"504","Takydromus amurensis",37.310236,127.369006,"GBIF"
"505","Takydromus amurensis",37.406922,127.867369,"GBIF"
"506","Takydromus amurensis",37.334031,127.890336,"GBIF"
"507","Takydromus amurensis",36.367019,127.529039,"GBIF"
"508","Takydromus amurensis",36.363561,128.192561,"GBIF"
"509","Takydromus amurensis",36.272778,127.194167,"GBIF"
"510","Takydromus amurensis",36.711182,126.654119,"GBIF"
"511","Takydromus amurensis",37.714333,128.230111,"GBIF"
"512","Takydromus amurensis",37.641583,128.159083,"GBIF"
"513","Takydromus amurensis",35.194472,126.492028,"GBIF"
"514","Takydromus amurensis",35.179139,126.427167,"GBIF"
"515","Takydromus amurensis",36.286111,127.218611,"GBIF"
"516","Takydromus amurensis",35.119483,127.732375,"GBIF"
"517","Takydromus amurensis",36.716182,126.650219,"GBIF"
"518","Takydromus amurensis",36.296583,127.938,"GBIF"
"519","Takydromus amurensis",36.314472,126.694917,"GBIF"
"520","Takydromus amurensis",36.343472,126.950417,"GBIF"
"521","Takydromus amurensis",35.014528,126.561695,"GBIF"
"522","Takydromus amurensis",35.071556,126.536139,"GBIF"
"523","Takydromus amurensis",35.093389,126.530583,"GBIF"
"524","Takydromus amurensis",36.481311,128.067953,"GBIF"
"525","Takydromus amurensis",36.399444,127.223889,"GBIF"
"526","Takydromus amurensis",35.206858,127.645022,"GBIF"
"527","Takydromus amurensis",35.204883,127.7789,"GBIF"
"528","Takydromus amurensis",35.222836,127.7305,"GBIF"
"529","Takydromus amurensis",36.369944,127.981333,"GBIF"
"530","Takydromus amurensis",37.689222,128.151056,"GBIF"
"531","Takydromus amurensis",37.709139,128.144195,"GBIF"
"532","Takydromus amurensis",37.535722,128.149389,"GBIF"
"533","Takydromus amurensis",37.534583,128.212917,"GBIF"
"534","Takydromus amurensis",37.537,128.388444,"GBIF"
"535","Takydromus amurensis",35.164111,127.398306,"GBIF"
"536","Takydromus amurensis",35.013611,126.598083,"GBIF"
"537","Takydromus amurensis",35.141222,126.587,"GBIF"
"538","Takydromus amurensis",35.197944,126.576528,"GBIF"
"539","Takydromus amurensis",35.22775,126.597445,"GBIF"
"540","Takydromus amurensis",35.008694,126.362222,"GBIF"
"541","Takydromus amurensis",35.103486,127.653528,"GBIF"
"542","Takydromus amurensis",35.036258,127.67855,"GBIF"
"543","Takydromus amurensis",35.054369,127.630256,"GBIF"
"544","Takydromus amurensis",36.679984,126.583443,"GBIF"
"545","Takydromus amurensis",36.331417,127.881028,"GBIF"
"546","Takydromus amurensis",36.358056,127.811722,"GBIF"
"547","Takydromus amurensis",36.3245,128.071722,"GBIF"
"548","Takydromus amurensis",36.371139,128.032167,"GBIF"
"549","Takydromus amurensis",36.486722,127.75227,"GBIF"
"550","Takydromus amurensis",35.216611,126.442917,"GBIF"
"551","Takydromus amurensis",36.446819,128.117006,"GBIF"
"552","Takydromus amurensis",35.023064,127.889178,"GBIF"
"553","Takydromus amurensis",37.783741,128.583984,"GBIF"
"554","Takydromus amurensis",36.721325,126.127789,"GBIF"
"555","Takydromus amurensis",37.548389,128.302389,"GBIF"
"556","Takydromus amurensis",37.585444,128.389167,"GBIF"
"557","Takydromus amurensis",37.652861,128.405028,"GBIF"
"558","Takydromus amurensis",37.633,128.444167,"GBIF"
"559","Takydromus amurensis",37.669222,128.336445,"GBIF"
"560","Takydromus amurensis",37.558611,128.487972,"GBIF"
"561","Takydromus amurensis",35.097972,127.597583,"GBIF"
"562","Takydromus amurensis",35.090472,127.571028,"GBIF"
"563","Takydromus amurensis",35.213556,126.580778,"GBIF"
"564","Takydromus amurensis",37.539472,128.107861,"GBIF"
"565","Takydromus amurensis",37.605,128.006139,"GBIF"
"566","Takydromus amurensis",36.259667,128.104195,"GBIF"
"567","Takydromus amurensis",37.597833,128.307583,"GBIF"
"568","Takydromus amurensis",37.582139,128.180195,"GBIF"
"569","Takydromus amurensis",37.662778,128.223695,"GBIF"
"570","Takydromus amurensis",37.657167,127.70575,"GBIF"
"571","Takydromus amurensis",35.060278,126.266417,"GBIF"
"572","Takydromus amurensis",35.214944,126.322889,"GBIF"
"573","Takydromus amurensis",37.571222,127.813889,"GBIF"
"574","Takydromus amurensis",37.644583,128.044945,"GBIF"
"575","Takydromus amurensis",35.112456,127.672786,"GBIF"
"576","Takydromus amurensis",34.612889,129.422056,"GBIF"
"577","Takydromus amurensis",35.410369,129.093901,"GBIF"
"578","Takydromus amurensis",35.411072,129.092227,"GBIF"
"579","Takydromus amurensis",35.411027,129.071153,"GBIF"
"580","Takydromus amurensis",35.299713,128.238049,"GBIF"
"581","Takydromus amurensis",38.174639,127.910778,"GBIF"
"582","Takydromus amurensis",38.245619,127.89592,"GBIF"
"583","Takydromus amurensis",38.300572,127.348642,"GBIF"
"584","Takydromus amurensis",38.301125,127.465587,"GBIF"
"585","Takydromus amurensis",38.301403,127.47142,"GBIF"
"586","Takydromus amurensis",38.298903,127.473642,"GBIF"
"587","Takydromus amurensis",38.30057,127.460587,"GBIF"
"588","Takydromus amurensis",38.30057,127.466698,"GBIF"
"589","Takydromus amurensis",38.097187,128.145011,"GBIF"
"590","Takydromus amurensis",35.427693,129.171366,"GBIF"
"591","Takydromus amurensis",35.442831,129.334435,"GBIF"
"592","Takydromus amurensis",35.311123,129.223224,"GBIF"
"593","Takydromus amurensis",38.007792,127.30308,"GBIF"
"594","Takydromus amurensis",38.118346,127.433639,"GBIF"
"595","Takydromus amurensis",38.115569,127.444471,"GBIF"
"596","Takydromus amurensis",38.110014,127.397251,"GBIF"
"597","Takydromus amurensis",38.086402,127.373084,"GBIF"
"598","Takydromus amurensis",38.094182,127.321138,"GBIF"
"599","Takydromus amurensis",38.070848,127.256136,"GBIF"
"600","Takydromus amurensis",38.076957,127.481971,"GBIF"
"601","Takydromus amurensis",38.029459,127.390305,"GBIF"
"602","Takydromus amurensis",38.071124,127.411417,"GBIF"
"603","Takydromus amurensis",38.029459,127.391694,"GBIF"
"604","Takydromus amurensis",38.071124,127.410306,"GBIF"
"605","Takydromus amurensis",38.115606,127.262194,"GBIF"
"606","Takydromus amurensis",38.179738,127.273361,"GBIF"
"607","Takydromus amurensis",38.177792,127.36725,"GBIF"
"608","Takydromus amurensis",38.026678,127.64336,"GBIF"
"609","Takydromus amurensis",38.029457,127.480305,"GBIF"
"610","Takydromus amurensis",38.233349,127.315585,"GBIF"
"611","Takydromus amurensis",38.026957,127.442525,"GBIF"
"612","Takydromus amurensis",38.233904,127.309474,"GBIF"
"613","Takydromus amurensis",38.026679,127.476694,"GBIF"
"614","Takydromus amurensis",38.149181,127.39114,"GBIF"
"615","Takydromus amurensis",38.165291,127.437252,"GBIF"
"616","Takydromus amurensis",38.179737,127.475862,"GBIF"
"617","Takydromus amurensis",38.202514,127.393642,"GBIF"
"618","Takydromus amurensis",38.218904,127.389475,"GBIF"
"619","Takydromus amurensis",38.126681,127.350305,"GBIF"
"620","Takydromus amurensis",38.20057,127.402808,"GBIF"
"621","Takydromus amurensis",38.226126,127.493641,"GBIF"
"622","Takydromus amurensis",38.27489,128.380598,"GBIF"
"623","Takydromus amurensis",35.367439,127.511539,"GBIF"
"624","Takydromus amurensis",35.255507,127.587978,"GBIF"
"625","Takydromus amurensis",35.271283,127.574562,"GBIF"
"626","Takydromus amurensis",35.272061,127.509207,"GBIF"
"627","Takydromus amurensis",38.07778,128.346146,"GBIF"
"628","Takydromus amurensis",38.017503,128.278366,"GBIF"
"629","Takydromus amurensis",38.07528,128.338366,"GBIF"
"630","Takydromus amurensis",38.060004,128.304477,"GBIF"
"631","Takydromus amurensis",38.069172,128.279199,"GBIF"
"632","Takydromus amurensis",38.022779,128.558922,"GBIF"
"633","Takydromus amurensis",38.226114,128.520036,"GBIF"
"634","Takydromus amurensis",38.007779,128.605867,"GBIF"
"635","Takydromus amurensis",38.076668,128.597256,"GBIF"
"636","Takydromus amurensis",38.066946,128.517811,"GBIF"
"637","Takydromus amurensis",38.052221,128.65198,"GBIF"
"638","Takydromus amurensis",35.162231,129.191541,"GBIF"
"639","Takydromus amurensis",35.370283,129.335991,"GBIF"
"640","Takydromus amurensis",35.488271,129.383736,"GBIF"
"641","Takydromus amurensis",35.485047,129.064986,"GBIF"
"642","Takydromus amurensis",35.463827,129.038155,"GBIF"
"643","Takydromus amurensis",35.482316,129.364651,"GBIF"
"644","Takydromus amurensis",35.488742,129.262024,"GBIF"
"645","Takydromus amurensis",35.48227,129.154839,"GBIF"
"646","Takydromus amurensis",35.350184,129.226248,"GBIF"
"647","Takydromus amurensis",38.249027,127.668358,"GBIF"
"648","Takydromus amurensis",38.410445,128.326146,"GBIF"
"649","Takydromus amurensis",38.460813,128.318713,"GBIF"
"650","Takydromus amurensis",38.269194,127.896972,"GBIF"
"651","Takydromus amurensis",38.298064,127.982725,"GBIF"
"652","Takydromus amurensis",35.278287,128.257836,"GBIF"
"653","Takydromus amurensis",35.485067,129.380684,"GBIF"
"654","Takydromus amurensis",35.482604,129.364697,"GBIF"
"655","Takydromus amurensis",35.163306,129.191006,"GBIF"
"656","Takydromus amurensis",36.607994,129.273961,"GBIF"
"657","Takydromus amurensis",38.302239,127.426699,"GBIF"
"658","Takydromus amurensis",38.302239,127.428088,"GBIF"
"659","Takydromus amurensis",38.302239,127.429199,"GBIF"
"660","Takydromus amurensis",38.053055,128.688368,"GBIF"
"661","Takydromus amurensis",38.035276,128.645591,"GBIF"
"662","Takydromus amurensis",38.241615,128.18445,"GBIF"
"663","Takydromus amurensis",35.178776,129.141871,"GBIF"
"664","Takydromus amurensis",35.239574,129.137788,"GBIF"
"665","Takydromus amurensis",35.398662,129.231327,"GBIF"
"666","Takydromus amurensis",35.073703,129.012272,"GBIF"
"667","Takydromus amurensis",35.136955,129.014163,"GBIF"
"668","Takydromus amurensis",35.403514,129.133133,"GBIF"
"669","Takydromus amurensis",35.432991,128.239364,"GBIF"
"670","Takydromus amurensis",38.017515,127.28447,"GBIF"
"671","Takydromus amurensis",38.101959,127.447249,"GBIF"
"672","Takydromus amurensis",38.112791,127.443638,"GBIF"
"673","Takydromus amurensis",38.040291,127.364193,"GBIF"
"674","Takydromus amurensis",38.058625,127.351972,"GBIF"
"675","Takydromus amurensis",38.054181,127.346692,"GBIF"
"676","Takydromus amurensis",38.050848,127.313637,"GBIF"
"677","Takydromus amurensis",38.070568,127.419194,"GBIF"
"678","Takydromus amurensis",38.027793,127.394749,"GBIF"
"679","Takydromus amurensis",38.100293,127.440305,"GBIF"
"680","Takydromus amurensis",38.111403,127.465583,"GBIF"
"681","Takydromus amurensis",38.103626,127.43975,"GBIF"
"682","Takydromus amurensis",38.102237,127.447805,"GBIF"
"683","Takydromus amurensis",38.070013,127.412528,"GBIF"
"684","Takydromus amurensis",35.398557,129.231333,"GBIF"
"685","Takydromus amurensis",35.136502,129.014577,"GBIF"
"686","Takydromus amurensis",38.226128,127.354195,"GBIF"
"687","Takydromus amurensis",38.027235,127.442803,"GBIF"
"688","Takydromus amurensis",38.148903,127.389473,"GBIF"
"689","Takydromus amurensis",38.160569,127.44003,"GBIF"
"690","Takydromus amurensis",38.144735,127.475585,"GBIF"
"691","Takydromus amurensis",38.174459,127.381974,"GBIF"
"692","Takydromus amurensis",38.026682,127.400582,"GBIF"
"693","Takydromus amurensis",38.082189,128.158899,"GBIF"
"694","Takydromus amurensis",35.220974,129.220949,"GBIF"
"695","Takydromus amurensis",35.269071,129.186672,"GBIF"
"696","Takydromus amurensis",35.372254,129.080624,"GBIF"
"697","Takydromus amurensis",35.370073,129.001522,"GBIF"
"698","Takydromus amurensis",35.286652,129.112234,"GBIF"
"699","Takydromus amurensis",35.268293,129.024186,"GBIF"
"700","Takydromus amurensis",35.160444,129.087209,"GBIF"
"701","Takydromus amurensis",35.419017,127.549952,"GBIF"
"702","Takydromus amurensis",35.305808,127.745769,"GBIF"
"703","Takydromus amurensis",35.283588,127.722799,"GBIF"
"704","Takydromus amurensis",35.348331,127.64325,"GBIF"
"705","Takydromus amurensis",35.472178,127.709271,"GBIF"
"706","Takydromus amurensis",35.393215,127.659109,"GBIF"
"707","Takydromus amurensis",35.437627,127.739491,"GBIF"
"708","Takydromus amurensis",35.392864,129.307077,"GBIF"
"709","Takydromus amurensis",38.290832,128.253138,"GBIF"
"710","Takydromus amurensis",38.420734,128.309409,"GBIF"
"711","Takydromus amurensis",35.368587,129.001965,"GBIF"
"712","Takydromus amurensis",35.160482,129.087602,"GBIF"
"713","Takydromus amurensis",36.73453,129.33386,"GBIF"
"714","Takydromus amurensis",38.07528,128.370032,"GBIF"
"715","Takydromus amurensis",38.076669,128.341977,"GBIF"
"716","Takydromus amurensis",38.03028,128.362256,"GBIF"
"717","Takydromus amurensis",38.007226,128.309755,"GBIF"
"718","Takydromus amurensis",38.296681,127.478089,"GBIF"
"719","Takydromus amurensis",38.075279,128.593646,"GBIF"
"720","Takydromus amurensis",38.07639,128.594201,"GBIF"
"721","Takydromus amurensis",38.005832,128.602534,"GBIF"
"722","Takydromus amurensis",38.111666,128.561981,"GBIF"
"723","Takydromus amurensis",38.05389,128.564757,"GBIF"
"724","Takydromus amurensis",38.062222,128.530313,"GBIF"
"725","Takydromus amurensis",38.062502,128.511978,"GBIF"
"726","Takydromus amurensis",36.728016,126.601123,"GBIF"
"727","Takydromus amurensis",35.44283,129.136313,"GBIF"
"728","Takydromus amurensis",35.473521,129.157395,"GBIF"
"729","Takydromus amurensis",35.067649,129.06699,"GBIF"
"730","Takydromus amurensis",35.436135,129.058598,"GBIF"
"731","Takydromus amurensis",35.393422,128.895154,"GBIF"
"732","Takydromus amurensis",38.195643,127.519094,"GBIF"
"733","Takydromus amurensis",36.527689,128.077412,"GBIF"
"734","Takydromus amurensis",35.480294,128.543587,"GBIF"
"735","Takydromus amurensis",35.408856,128.363075,"GBIF"
"736","Takydromus amurensis",35.406912,128.345633,"GBIF"
"737","Takydromus amurensis",36.693477,129.380361,"GBIF"
"738","Takydromus amurensis",38.010554,128.687535,"GBIF"
"739","Takydromus amurensis",36.576119,129.159882,"GBIF"
"740","Takydromus amurensis",38.130556,128.565036,"GBIF"
"741","Takydromus amurensis",38.149445,128.59698,"GBIF"
"742","Takydromus amurensis",36.788357,126.588979,"GBIF"
"743","Takydromus amurensis",35.333741,129.141178,"GBIF"
"744","Takydromus amurensis",35.399269,127.603475,"GBIF"
"745","Takydromus amurensis",35.189468,129.006494,"GBIF"
"746","Takydromus amurensis",35.243296,129.050323,"GBIF"
"747","Takydromus amurensis",36.537165,127.931586,"GBIF"
"748","Takydromus amurensis",36.737387,127.987507,"GBIF"
"749","Takydromus amurensis",36.689805,127.780198,"GBIF"
"750","Takydromus amurensis",36.559361,127.758779,"GBIF"
"751","Takydromus amurensis",36.511139,127.786557,"GBIF"
"752","Takydromus amurensis",36.612774,128.044089,"GBIF"
"753","Takydromus amurensis",37.552045,127.569068,"GBIF"
"754","Takydromus amurensis",35.662547,128.300534,"GBIF"
"755","Takydromus amurensis",36.723475,126.593742,"GBIF"
"756","Takydromus amurensis",36.767767,126.601896,"GBIF"
"757","Takydromus amurensis",36.768046,128.70279,"GBIF"
"758","Takydromus amurensis",36.77277,128.594177,"GBIF"
"759","Takydromus amurensis",36.879992,128.639458,"GBIF"
"760","Takydromus amurensis",36.977214,128.726683,"GBIF"
"761","Takydromus amurensis",36.836937,128.516956,"GBIF"
"762","Takydromus amurensis",36.874085,129.160656,"GBIF"
"763","Takydromus amurensis",36.663456,127.017877,"GBIF"
"764","Takydromus amurensis",36.698452,127.091037,"GBIF"
"765","Takydromus amurensis",36.869858,128.469357,"GBIF"
"766","Takydromus amurensis",36.853193,128.416639,"GBIF"
"767","Takydromus amurensis",36.835256,129.104079,"GBIF"
"768","Takydromus amurensis",36.808007,128.909318,"GBIF"
"769","Takydromus amurensis",36.856724,128.877932,"GBIF"
"770","Takydromus amurensis",36.995321,129.082523,"GBIF"
"771","Takydromus amurensis",36.98446,129.012391,"GBIF"
"772","Takydromus amurensis",35.515061,128.305966,"GBIF"
"773","Takydromus amurensis",36.891659,128.561679,"GBIF"
"774","Takydromus amurensis",36.916914,129.195792,"GBIF"
"775","Takydromus amurensis",36.918802,129.193848,"GBIF"
"776","Takydromus amurensis",37.552602,126.779557,"GBIF"
"777","Takydromus amurensis",37.602846,126.792833,"GBIF"
"778","Takydromus amurensis",37.601403,126.977539,"GBIF"
"779","Takydromus amurensis",37.584843,126.953362,"GBIF"
"780","Takydromus amurensis",35.31356,126.662,"GBIF"
"781","Takydromus amurensis",36.831656,128.736681,"GBIF"
"782","Takydromus amurensis",36.766761,128.802884,"GBIF"
"783","Takydromus amurensis",36.809173,128.848935,"GBIF"
"784","Takydromus amurensis",36.902552,128.899124,"GBIF"
"785","Takydromus amurensis",36.788175,128.803328,"GBIF"
"786","Takydromus amurensis",36.826283,128.854129,"GBIF"
"787","Takydromus amurensis",36.800452,128.793968,"GBIF"
"788","Takydromus amurensis",36.801341,128.800495,"GBIF"
"789","Takydromus amurensis",37.955802,128.721811,"GBIF"
"790","Takydromus amurensis",37.921112,128.447974,"GBIF"
"791","Takydromus amurensis",37.918113,128.450891,"GBIF"
"792","Takydromus amurensis",37.688264,127.234881,"GBIF"
"793","Takydromus amurensis",37.586816,127.456518,"GBIF"
"794","Takydromus amurensis",37.584263,127.300435,"GBIF"
"795","Takydromus amurensis",37.677265,127.130241,"GBIF"
"796","Takydromus amurensis",36.834006,129.072859,"GBIF"
"797","Takydromus amurensis",36.760736,129.05164,"GBIF"
"798","Takydromus amurensis",36.772845,128.979424,"GBIF"
"799","Takydromus amurensis",36.821728,128.946759,"GBIF"
"800","Takydromus amurensis",36.955187,129.117937,"GBIF"
"801","Takydromus amurensis",37.853117,128.044667,"GBIF"
"802","Takydromus amurensis",36.725952,126.60018,"GBIF"
"803","Takydromus amurensis",37.502997,126.834858,"GBIF"
"804","Takydromus amurensis",36.724013,126.587262,"GBIF"
"805","Takydromus amurensis",36.699324,126.423669,"GBIF"
"806","Takydromus amurensis",36.921802,129.192459,"GBIF"
"807","Takydromus amurensis",36.855806,128.758692,"GBIF"
"808","Takydromus amurensis",36.957101,128.900568,"GBIF"
"809","Takydromus amurensis",36.989126,128.962367,"GBIF"
"810","Takydromus amurensis",36.972877,128.886957,"GBIF"
"811","Takydromus amurensis",36.879777,128.852073,"GBIF"
"812","Takydromus amurensis",36.88172,128.783857,"GBIF"
"813","Takydromus amurensis",36.966266,128.790299,"GBIF"
"814","Takydromus amurensis",36.890654,127.303988,"GBIF"
"815","Takydromus amurensis",36.901764,127.321764,"GBIF"
"816","Takydromus amurensis",36.938982,127.307043,"GBIF"
"817","Takydromus amurensis",36.935649,127.348428,"GBIF"
"818","Takydromus amurensis",36.938426,127.363149,"GBIF"
"819","Takydromus amurensis",36.895375,127.291767,"GBIF"
"820","Takydromus amurensis",36.902598,127.487583,"GBIF"
"821","Takydromus amurensis",36.842603,127.267603,"GBIF"
"822","Takydromus amurensis",36.798164,127.26427,"GBIF"
"823","Takydromus amurensis",36.803997,127.317321,"GBIF"
"824","Takydromus amurensis",36.800664,127.364817,"GBIF"
"825","Takydromus amurensis",36.786221,127.257882,"GBIF"
"826","Takydromus amurensis",36.776222,127.299545,"GBIF"
"827","Takydromus amurensis",36.76789,127.344819,"GBIF"
"828","Takydromus amurensis",36.84066,127.422867,"GBIF"
"829","Takydromus amurensis",36.785944,127.444532,"GBIF"
"830","Takydromus amurensis",36.927516,128.102694,"GBIF"
"831","Takydromus amurensis",35.712736,127.89478,"GBIF"
"832","Takydromus amurensis",37.976082,126.954842,"GBIF"
"833","Takydromus amurensis",37.897202,126.960398,"GBIF"
"834","Takydromus amurensis",37.765272,126.80958,"GBIF"
"835","Takydromus amurensis",37.767494,126.80958,"GBIF"
"836","Takydromus amurensis",37.778049,126.849021,"GBIF"
"837","Takydromus amurensis",37.824988,126.909015,"GBIF"
"838","Takydromus amurensis",37.769439,126.88985,"GBIF"
"839","Takydromus amurensis",37.783604,126.918459,"GBIF"
"840","Takydromus amurensis",37.86126,127.519573,"GBIF"
"841","Takydromus amurensis",37.850672,127.550692,"GBIF"
"842","Takydromus amurensis",37.802311,127.514282,"GBIF"
"843","Takydromus amurensis",37.823218,127.615687,"GBIF"
"844","Takydromus amurensis",37.771837,127.508966,"GBIF"
"845","Takydromus amurensis",37.760236,127.571572,"GBIF"
"846","Takydromus amurensis",36.851983,128.182527,"GBIF"
"847","Takydromus amurensis",35.608373,126.56559,"GBIF"
"848","Takydromus amurensis",35.612353,126.565873,"GBIF"
"849","Takydromus amurensis",35.613655,126.566007,"GBIF"
"850","Takydromus amurensis",35.50838,126.564194,"GBIF"
"851","Takydromus amurensis",35.616053,126.631495,"GBIF"
"852","Takydromus amurensis",35.535136,126.650918,"GBIF"
"853","Takydromus amurensis",37.99636,127.312032,"GBIF"
"854","Takydromus amurensis",37.971333,127.068717,"GBIF"
"855","Takydromus amurensis",37.963147,127.640018,"GBIF"
"856","Takydromus amurensis",35.61042,126.490902,"GBIF"
"857","Takydromus amurensis",35.594463,126.491988,"GBIF"
"858","Takydromus amurensis",35.688574,126.554218,"GBIF"
"859","Takydromus amurensis",35.654255,126.606721,"GBIF"
"860","Takydromus amurensis",35.736916,126.746161,"GBIF"
"861","Takydromus amurensis",35.663136,126.646066,"GBIF"
"862","Takydromus amurensis",35.661464,126.646361,"GBIF"
"863","Takydromus amurensis",35.59236,126.512449,"GBIF"
"864","Takydromus amurensis",35.614635,126.603513,"GBIF"
"865","Takydromus amurensis",35.645799,127.974218,"GBIF"
"866","Takydromus amurensis",36.870669,127.936154,"GBIF"
"867","Takydromus amurensis",35.693294,127.955053,"GBIF"
"868","Takydromus amurensis",35.684684,127.981717,"GBIF"
"869","Takydromus amurensis",35.62108,127.938111,"GBIF"
"870","Takydromus amurensis",36.987309,127.300377,"GBIF"
"871","Takydromus amurensis",36.974811,127.313709,"GBIF"
"872","Takydromus amurensis",36.967311,127.278156,"GBIF"
"873","Takydromus amurensis",36.964812,127.373704,"GBIF"
"874","Takydromus amurensis",36.977033,127.363149,"GBIF"
"875","Takydromus amurensis",36.934815,127.318709,"GBIF"
"876","Takydromus amurensis",36.912873,127.270935,"GBIF"
"877","Takydromus amurensis",36.933428,127.486194,"GBIF"
"878","Takydromus amurensis",36.897598,127.395091,"GBIF"
"879","Takydromus amurensis",36.886211,127.482028,"GBIF"
"880","Takydromus amurensis",36.86149,127.273436,"GBIF"
"881","Takydromus amurensis",36.837882,127.314821,"GBIF"
"882","Takydromus amurensis",36.822328,127.329542,"GBIF"
"883","Takydromus amurensis",36.770112,127.27427,"GBIF"
"884","Takydromus amurensis",36.80872,127.454531,"GBIF"
"885","Takydromus amurensis",36.826496,127.492583,"GBIF"
"886","Takydromus amurensis",37.858317,126.904293,"GBIF"
"887","Takydromus amurensis",37.872205,126.962343,"GBIF"
"888","Takydromus amurensis",36.101267,127.345965,"GBIF"
"889","Takydromus amurensis",35.730789,127.851728,"GBIF"
"890","Takydromus amurensis",35.674684,127.784235,"GBIF"
"891","Takydromus amurensis",36.859236,126.53028,"GBIF"
"892","Takydromus amurensis",37.972194,126.975396,"GBIF"
"893","Takydromus amurensis",37.944697,126.941788,"GBIF"
"894","Takydromus amurensis",37.890258,126.929568,"GBIF"
"895","Takydromus amurensis",37.884426,126.979563,"GBIF"
"896","Takydromus amurensis",37.858872,126.829299,"GBIF"
"897","Takydromus amurensis",37.81721,126.745696,"GBIF"
"898","Takydromus amurensis",37.808045,126.751251,"GBIF"
"899","Takydromus amurensis",37.810267,126.847076,"GBIF"
"900","Takydromus amurensis",37.788325,126.820412,"GBIF"
"901","Takydromus amurensis",37.785825,126.823467,"GBIF"
"902","Takydromus amurensis",37.762773,126.861242,"GBIF"
"903","Takydromus amurensis",37.761662,126.873463,"GBIF"
"904","Takydromus amurensis",37.8186,126.925124,"GBIF"
"905","Takydromus amurensis",37.808601,126.979009,"GBIF"
"906","Takydromus amurensis",37.778049,126.943734,"GBIF"
"907","Takydromus amurensis",37.76194,126.970676,"GBIF"
"908","Takydromus amurensis",35.647366,126.723942,"GBIF"
"909","Takydromus amurensis",35.508005,126.52612,"GBIF"
"910","Takydromus amurensis",35.532415,126.568648,"GBIF"
"911","Takydromus amurensis",35.512885,126.610059,"GBIF"
"912","Takydromus amurensis",35.514251,126.60461,"GBIF"
"913","Takydromus amurensis",35.544049,126.65206,"GBIF"
"914","Takydromus amurensis",35.546016,126.64947,"GBIF"
"915","Takydromus amurensis",35.558996,126.699359,"GBIF"
"916","Takydromus amurensis",35.533742,126.625269,"GBIF"
"917","Takydromus amurensis",35.535777,126.730967,"GBIF"
"918","Takydromus amurensis",35.533311,127.816733,"GBIF"
"919","Takydromus amurensis",37.958809,127.418967,"GBIF"
"920","Takydromus amurensis",35.667085,126.520231,"GBIF"
"921","Takydromus amurensis",35.697377,126.599766,"GBIF"
"922","Takydromus amurensis",35.646777,126.574692,"GBIF"
"923","Takydromus amurensis",35.696298,126.654402,"GBIF"
"924","Takydromus amurensis",35.64466,126.634585,"GBIF"
"925","Takydromus amurensis",35.615312,126.522894,"GBIF"
"926","Takydromus amurensis",35.591547,126.561399,"GBIF"
"927","Takydromus amurensis",35.613712,126.618032,"GBIF"
"928","Takydromus amurensis",35.618486,126.647636,"GBIF"
"929","Takydromus amurensis",35.525257,127.864229,"GBIF"
"930","Takydromus amurensis",34.460248,127.18839,"GBIF"
"931","Takydromus amurensis",34.457215,127.176575,"GBIF"
"932","Takydromus amurensis",34.458658,127.172439,"GBIF"
"933","Takydromus amurensis",34.458513,127.167843,"GBIF"
"934","Takydromus amurensis",34.469027,127.183904,"GBIF"
"935","Takydromus amurensis",34.474223,127.181663,"GBIF"
"936","Takydromus amurensis",34.45813,127.151773,"GBIF"
"937","Takydromus amurensis",37.623731,127.822034,"GBIF"
"938","Takydromus amurensis",37.564062,127.843663,"GBIF"
"939","Takydromus amurensis",37.514184,127.939949,"GBIF"
"940","Takydromus amurensis",37.520656,127.83517,"GBIF"
"941","Takydromus amurensis",37.357032,127.748653,"GBIF"
"942","Takydromus amurensis",37.418808,127.321602,"GBIF"
"943","Takydromus amurensis",37.241877,127.145768,"GBIF"
"944","Takydromus amurensis",37.175257,127.030185,"GBIF"
"945","Takydromus amurensis",35.62008,127.093412,"GBIF"
"946","Takydromus amurensis",35.596572,127.073207,"GBIF"
"947","Takydromus amurensis",35.582713,127.061704,"GBIF"
"948","Takydromus amurensis",35.569552,127.070002,"GBIF"
"949","Takydromus amurensis",35.588707,127.013986,"GBIF"
"950","Takydromus amurensis",35.587382,127.020062,"GBIF"
"951","Takydromus amurensis",35.585878,127.027226,"GBIF"
"952","Takydromus amurensis",35.583366,127.028677,"GBIF"
"953","Takydromus amurensis",35.580598,127.031073,"GBIF"
"954","Takydromus amurensis",35.838481,127.242522,"GBIF"
"955","Takydromus amurensis",35.836594,127.241062,"GBIF"
"956","Takydromus amurensis",35.812956,127.216732,"GBIF"
"957","Takydromus amurensis",35.782941,127.225988,"GBIF"
"958","Takydromus amurensis",35.827686,127.444177,"GBIF"
"959","Takydromus amurensis",35.826673,127.449024,"GBIF"
"960","Takydromus amurensis",35.825836,127.400906,"GBIF"
"961","Takydromus amurensis",35.821071,127.39011,"GBIF"
"962","Takydromus amurensis",35.786626,127.38551,"GBIF"
"963","Takydromus amurensis",35.783668,127.38193,"GBIF"
"964","Takydromus amurensis",34.53687,127.751695,"GBIF"
"965","Takydromus amurensis",34.990182,126.689993,"GBIF"
"966","Takydromus amurensis",34.940765,126.584766,"GBIF"
"967","Takydromus amurensis",34.903053,126.535789,"GBIF"
"968","Takydromus amurensis",35.041942,126.453124,"GBIF"
"969","Takydromus amurensis",35.051932,126.475727,"GBIF"
"970","Takydromus amurensis",34.566069,126.438438,"GBIF"
"971","Takydromus amurensis",34.62393,126.520044,"GBIF"
"972","Takydromus amurensis",34.68005,126.426637,"GBIF"
"973","Takydromus amurensis",35.85163,129.314283,"GBIF"
"974","Takydromus amurensis",35.979122,129.479085,"GBIF"
"975","Takydromus amurensis",35.963976,129.449354,"GBIF"
"976","Takydromus amurensis",35.947069,129.351499,"GBIF"
"977","Takydromus amurensis",35.940182,129.30637,"GBIF"
"978","Takydromus amurensis",35.201251,129.200499,"GBIF"
"979","Takydromus amurensis",35.201896,129.152536,"GBIF"
"980","Takydromus amurensis",35.326607,129.140346,"GBIF"
"981","Takydromus amurensis",35.294191,129.138238,"GBIF"
"982","Takydromus amurensis",37.004821,128.191744,"GBIF"
"983","Takydromus amurensis",37.025303,128.265932,"GBIF"
"984","Takydromus amurensis",37.08809,128.117246,"GBIF"
"985","Takydromus amurensis",37.053035,128.043528,"GBIF"
"986","Takydromus amurensis",37.090882,128.251752,"GBIF"
"987","Takydromus amurensis",37.901265,127.235081,"GBIF"
"988","Takydromus amurensis",37.866615,127.250668,"GBIF"
"989","Takydromus amurensis",35.768026,127.021913,"GBIF"
"990","Takydromus amurensis",35.763891,127.022567,"GBIF"
"991","Takydromus amurensis",35.302859,128.453884,"GBIF"
"992","Takydromus amurensis",36.031009,129.157777,"GBIF"
"993","Takydromus amurensis",35.922077,129.032935,"GBIF"
"994","Takydromus amurensis",35.868253,128.416118,"GBIF"
"995","Takydromus amurensis",35.867122,128.431551,"GBIF"
"996","Takydromus amurensis",36.041173,128.489155,"GBIF"
"997","Takydromus amurensis",36.035168,128.492104,"GBIF"
"998","Takydromus amurensis",36.021548,128.492177,"GBIF"
"999","Takydromus amurensis",36.011205,128.482602,"GBIF"
"1000","Takydromus amurensis",35.973615,128.489023,"GBIF"
"1001","Takydromus amurensis",37.914251,127.791789,"GBIF"
"1002","Takydromus amurensis",37.901215,127.808403,"GBIF"
"1003","Takydromus amurensis",37.826861,127.930028,"GBIF"
"1004","Takydromus amurensis",37.819055,127.609648,"GBIF"
"1005","Takydromus amurensis",37.70665,127.746828,"GBIF"
"1006","Takydromus amurensis",37.145229,127.559655,"GBIF"
"1007","Takydromus amurensis",37.232616,127.463515,"GBIF"
"1008","Takydromus amurensis",37.232545,127.471735,"GBIF"
"1009","Takydromus amurensis",37.978524,127.97077,"GBIF"
"1010","Takydromus amurensis",37.983516,127.994115,"GBIF"
"1011","Takydromus amurensis",37.968316,127.994728,"GBIF"
"1012","Takydromus amurensis",37.974336,128.008281,"GBIF"
"1013","Takydromus amurensis",37.968447,128.039664,"GBIF"
"1014","Takydromus amurensis",37.941566,127.953565,"GBIF"
"1015","Takydromus amurensis",37.933617,127.955402,"GBIF"
"1016","Takydromus amurensis",37.925529,128.000026,"GBIF"
"1017","Takydromus amurensis",37.899361,128.017328,"GBIF"
"1018","Takydromus amurensis",37.901294,127.993556,"GBIF"
"1019","Takydromus amurensis",37.93719,128.403844,"GBIF"
"1020","Takydromus amurensis",37.934044,128.415101,"GBIF"
"1021","Takydromus amurensis",37.934191,128.444281,"GBIF"
"1022","Takydromus amurensis",37.924163,128.446258,"GBIF"
"1023","Takydromus amurensis",37.917541,128.449772,"GBIF"
"1024","Takydromus amurensis",37.911583,128.451669,"GBIF"
"1025","Takydromus amurensis",37.834116,128.452242,"GBIF"
"1026","Takydromus amurensis",37.853813,128.49322,"GBIF"
"1027","Takydromus amurensis",37.843836,128.469682,"GBIF"
"1028","Takydromus amurensis",37.849719,128.46575,"GBIF"
"1029","Takydromus amurensis",37.907998,128.607322,"GBIF"
"1030","Takydromus amurensis",37.915586,128.611389,"GBIF"
"1031","Takydromus amurensis",37.987836,128.53958,"GBIF"
"1032","Takydromus amurensis",37.985556,128.547792,"GBIF"
"1033","Takydromus amurensis",38.001578,128.5389,"GBIF"
"1034","Takydromus amurensis",38.019406,128.554949,"GBIF"
"1035","Takydromus amurensis",38.035163,128.558719,"GBIF"
"1036","Takydromus amurensis",37.554749,127.390946,"GBIF"
"1037","Takydromus amurensis",37.575383,127.392618,"GBIF"
"1038","Takydromus amurensis",37.572735,127.40324,"GBIF"
"1039","Takydromus amurensis",36.930588,127.363246,"GBIF"
"1040","Takydromus amurensis",34.626755,127.334464,"GBIF"
"1041","Takydromus amurensis",34.619801,127.332159,"GBIF"
"1042","Takydromus amurensis",34.631164,127.328821,"GBIF"
"1043","Takydromus amurensis",34.511241,126.699736,"GBIF"
"1044","Takydromus amurensis",34.393141,126.594913,"GBIF"
"1045","Takydromus amurensis",34.599783,126.604087,"GBIF"
"1046","Takydromus amurensis",34.589488,126.616306,"GBIF"
"1047","Takydromus amurensis",35.372886,128.357549,"GBIF"
"1048","Takydromus amurensis",35.410026,128.386974,"GBIF"
"1049","Takydromus amurensis",35.473405,128.214595,"GBIF"
"1050","Takydromus amurensis",35.446409,128.124018,"GBIF"
"1051","Takydromus amurensis",35.506888,128.067586,"GBIF"
"1052","Takydromus amurensis",37.861735,127.104145,"GBIF"
"1053","Takydromus amurensis",37.853413,127.134125,"GBIF"
"1054","Takydromus amurensis",37.145257,129.062575,"GBIF"
"1055","Takydromus amurensis",37.244928,129.326835,"GBIF"
"1056","Takydromus amurensis",37.363131,129.212349,"GBIF"
"1057","Takydromus amurensis",37.305988,129.197919,"GBIF"
"1058","Takydromus amurensis",37.25529,129.177722,"GBIF"
"1059","Takydromus amurensis",37.162659,129.047944,"GBIF"
"1060","Takydromus amurensis",37.148584,129.058478,"GBIF"
"1061","Takydromus amurensis",35.821832,128.992156,"GBIF"
"1062","Takydromus amurensis",35.885987,128.954896,"GBIF"
"1063","Takydromus amurensis",35.853539,128.856168,"GBIF"
"1064","Takydromus amurensis",35.593043,129.215886,"GBIF"
"1065","Takydromus amurensis",35.651758,129.23734,"GBIF"
"1066","Takydromus amurensis",37.678773,127.399952,"GBIF"
"1067","Takydromus amurensis",37.685131,127.415107,"GBIF"
"1068","Takydromus amurensis",37.691893,127.407463,"GBIF"
"1069","Takydromus amurensis",37.980806,127.109994,"GBIF"
"1070","Takydromus amurensis",37.973421,127.17044,"GBIF"
"1071","Takydromus amurensis",36.527959,128.041832,"GBIF"
"1072","Takydromus amurensis",36.717483,127.750456,"GBIF"
"1073","Takydromus amurensis",36.719189,127.752445,"GBIF"
"1074","Takydromus amurensis",35.979298,127.579824,"GBIF"
"1075","Takydromus amurensis",35.958299,127.598503,"GBIF"
"1076","Takydromus amurensis",38.066136,127.993582,"GBIF"
"1077","Takydromus amurensis",38.058191,127.989038,"GBIF"
"1078","Takydromus amurensis",38.073986,127.712623,"GBIF"
"1079","Takydromus amurensis",38.054726,127.78037,"GBIF"
"1080","Takydromus amurensis",38.043965,127.796652,"GBIF"
"1081","Takydromus amurensis",38.010943,127.817961,"GBIF"
"1082","Takydromus amurensis",38.008989,127.817289,"GBIF"
"1083","Takydromus amurensis",38.062129,127.939896,"GBIF"
"1084","Takydromus amurensis",38.063387,127.873862,"GBIF"
"1085","Takydromus amurensis",38.032153,127.888814,"GBIF"
"1086","Takydromus amurensis",37.985028,127.850068,"GBIF"
"1087","Takydromus amurensis",38.075516,128.023971,"GBIF"
"1088","Takydromus amurensis",36.126086,129.125086,"GBIF"
"1089","Takydromus amurensis",36.112895,129.125674,"GBIF"
"1090","Takydromus amurensis",36.100861,129.105147,"GBIF"
"1091","Takydromus amurensis",36.101721,129.113512,"GBIF"
"1092","Takydromus amurensis",36.102754,129.127454,"GBIF"
"1093","Takydromus amurensis",36.119086,129.082488,"GBIF"
"1094","Takydromus amurensis",36.097587,129.08957,"GBIF"
"1095","Takydromus amurensis",36.088568,129.154227,"GBIF"
"1096","Takydromus amurensis",36.084126,129.055072,"GBIF"
"1097","Takydromus amurensis",36.082838,129.057139,"GBIF"
"1098","Takydromus amurensis",36.062216,129.097879,"GBIF"
"1099","Takydromus amurensis",36.064286,129.119735,"GBIF"
"1100","Takydromus amurensis",36.049792,129.039136,"GBIF"
"1101","Takydromus amurensis",36.0836,129.078838,"GBIF"
"1102","Takydromus amurensis",36.071858,129.089112,"GBIF"
"1103","Takydromus amurensis",36.063695,129.080065,"GBIF"
"1104","Takydromus amurensis",35.007822,127.056396,"GBIF"
"1105","Takydromus amurensis",34.991865,127.038595,"GBIF"
"1106","Takydromus amurensis",34.99479,127.042792,"GBIF"
"1107","Takydromus amurensis",34.994933,127.050436,"GBIF"
"1108","Takydromus amurensis",34.986243,127.050147,"GBIF"
"1109","Takydromus amurensis",34.980769,127.056258,"GBIF"
"1110","Takydromus amurensis",34.934288,127.063226,"GBIF"
"1111","Takydromus amurensis",34.93297,127.066032,"GBIF"
"1112","Takydromus amurensis",34.925277,127.060484,"GBIF"
"1113","Takydromus amurensis",34.920014,127.053873,"GBIF"
"1114","Takydromus amurensis",34.895463,127.057764,"GBIF"
"1115","Takydromus amurensis",34.890807,127.065892,"GBIF"
"1116","Takydromus amurensis",34.997935,127.073443,"GBIF"
"1117","Takydromus amurensis",34.912779,127.068645,"GBIF"
"1118","Takydromus amurensis",34.886999,127.072956,"GBIF"
"1119","Takydromus amurensis",34.886274,127.105375,"GBIF"
"1120","Takydromus amurensis",36.032492,128.994331,"GBIF"
"1121","Takydromus amurensis",36.033985,129.010414,"GBIF"
"1122","Takydromus amurensis",36.025143,128.99339,"GBIF"
"1123","Takydromus amurensis",36.015752,128.993289,"GBIF"
"1124","Takydromus amurensis",36.008436,128.99483,"GBIF"
"1125","Takydromus amurensis",36.032982,129.034631,"GBIF"
"1126","Takydromus amurensis",36.027789,129.022377,"GBIF"
"1127","Takydromus amurensis",36.018477,129.037439,"GBIF"
"1128","Takydromus amurensis",36.010444,129.032668,"GBIF"
"1129","Takydromus amurensis",36.018072,129.049038,"GBIF"
"1130","Takydromus amurensis",36.045546,129.069063,"GBIF"
"1131","Takydromus amurensis",36.041151,129.085588,"GBIF"
"1132","Takydromus amurensis",36.015493,129.075068,"GBIF"
"1133","Takydromus amurensis",36.000864,129.041161,"GBIF"
"1134","Takydromus amurensis",35.876352,129.012208,"GBIF"
"1135","Takydromus amurensis",35.865383,129.009879,"GBIF"
"1136","Takydromus amurensis",35.84649,129.000522,"GBIF"
"1137","Takydromus amurensis",35.854325,129.001264,"GBIF"
"1138","Takydromus amurensis",35.851751,129.005296,"GBIF"
"1139","Takydromus amurensis",35.833988,129.002129,"GBIF"
"1140","Takydromus amurensis",35.793707,128.977796,"GBIF"
"1141","Takydromus amurensis",35.817184,128.996851,"GBIF"
"1142","Takydromus amurensis",35.807781,128.994023,"GBIF"
"1143","Takydromus amurensis",35.79724,128.997217,"GBIF"
"1144","Takydromus amurensis",35.769468,128.97565,"GBIF"
"1145","Takydromus amurensis",35.758018,129.011506,"GBIF"
"1146","Takydromus amurensis",35.895033,129.033722,"GBIF"
"1147","Takydromus amurensis",35.889975,129.030734,"GBIF"
"1148","Takydromus amurensis",35.875582,129.024898,"GBIF"
"1149","Takydromus amurensis",35.873054,129.028432,"GBIF"
"1150","Takydromus amurensis",35.865044,129.038035,"GBIF"
"1151","Takydromus amurensis",35.871785,129.044153,"GBIF"
"1152","Takydromus amurensis",35.864186,129.056725,"GBIF"
"1153","Takydromus amurensis",35.855965,129.032237,"GBIF"
"1154","Takydromus amurensis",35.843961,129.02144,"GBIF"
"1155","Takydromus amurensis",35.834831,129.033497,"GBIF"
"1156","Takydromus amurensis",35.858548,129.074035,"GBIF"
"1157","Takydromus amurensis",35.845173,129.062462,"GBIF"
"1158","Takydromus amurensis",35.853653,129.080587,"GBIF"
"1159","Takydromus amurensis",35.848962,129.082003,"GBIF"
"1160","Takydromus amurensis",35.840745,129.073288,"GBIF"
"1161","Takydromus amurensis",35.809915,129.038306,"GBIF"
"1162","Takydromus amurensis",35.818536,129.075385,"GBIF"
"1163","Takydromus amurensis",35.809935,129.057527,"GBIF"
"1164","Takydromus amurensis",35.781771,129.025402,"GBIF"
"1165","Takydromus amurensis",35.756514,129.045862,"GBIF"
"1166","Takydromus amurensis",35.530112,128.854361,"GBIF"
"1167","Takydromus amurensis",35.488874,128.804758,"GBIF"
"1168","Takydromus amurensis",35.516188,128.859578,"GBIF"
"1169","Takydromus amurensis",35.487757,128.856583,"GBIF"
"1170","Takydromus amurensis",35.460195,128.823586,"GBIF"
"1171","Takydromus amurensis",35.448462,128.819747,"GBIF"
"1172","Takydromus amurensis",35.474808,128.846888,"GBIF"
"1173","Takydromus amurensis",35.454282,128.84071,"GBIF"
"1174","Takydromus amurensis",35.616316,129.05519,"GBIF"
"1175","Takydromus amurensis",35.600626,129.070116,"GBIF"
"1176","Takydromus amurensis",35.596775,128.905442,"GBIF"
"1177","Takydromus amurensis",35.585028,128.895671,"GBIF"
"1178","Takydromus amurensis",35.568312,128.881893,"GBIF"
"1179","Takydromus amurensis",35.568632,128.893753,"GBIF"
"1180","Takydromus amurensis",35.562654,128.889634,"GBIF"
"1181","Takydromus amurensis",35.568863,128.92039,"GBIF"
"1182","Takydromus amurensis",35.525392,128.876928,"GBIF"
"1183","Takydromus amurensis",35.578612,128.962041,"GBIF"
"1184","Takydromus amurensis",35.487383,128.878934,"GBIF"
"1185","Takydromus amurensis",35.48866,128.889467,"GBIF"
"1186","Takydromus amurensis",35.518814,128.923147,"GBIF"
"1187","Takydromus amurensis",35.578685,128.984853,"GBIF"
"1188","Takydromus amurensis",35.507313,128.939917,"GBIF"
"1189","Takydromus amurensis",35.565461,129.018237,"GBIF"
"1190","Takydromus amurensis",35.488512,128.932663,"GBIF"
"1191","Takydromus amurensis",35.472118,128.900154,"GBIF"
"1192","Takydromus amurensis",35.536184,128.961009,"GBIF"
"1193","Takydromus amurensis",35.531986,128.955682,"GBIF"
"1194","Takydromus amurensis",35.460002,128.87565,"GBIF"
"1195","Takydromus amurensis",35.446716,128.885241,"GBIF"
"1196","Takydromus amurensis",35.454609,128.905332,"GBIF"
"1197","Takydromus amurensis",35.537289,128.989457,"GBIF"
"1198","Takydromus amurensis",35.53993,129.011727,"GBIF"
"1199","Takydromus amurensis",35.493582,128.971581,"GBIF"
"1200","Takydromus amurensis",35.498371,128.991818,"GBIF"
"1201","Takydromus amurensis",35.502804,128.997511,"GBIF"
"1202","Takydromus amurensis",35.498079,128.997441,"GBIF"
"1203","Takydromus amurensis",35.459229,128.967674,"GBIF"
"1204","Takydromus amurensis",35.448301,128.966078,"GBIF"
"1205","Takydromus amurensis",35.457076,129.014868,"GBIF"
"1206","Takydromus amurensis",35.45014,129.018397,"GBIF"
"1207","Takydromus amurensis",35.560137,129.025832,"GBIF"
"1208","Takydromus amurensis",35.568266,129.056963,"GBIF"
"1209","Takydromus amurensis",35.589656,129.064041,"GBIF"
"1210","Takydromus amurensis",35.582725,129.080009,"GBIF"
"1211","Takydromus amurensis",35.576209,129.070243,"GBIF"
"1212","Takydromus amurensis",35.54438,129.023296,"GBIF"
"1213","Takydromus amurensis",35.548264,129.044211,"GBIF"
"1214","Takydromus amurensis",35.52561,129.023266,"GBIF"
"1215","Takydromus amurensis",35.524316,129.081619,"GBIF"
"1216","Takydromus amurensis",35.464527,129.025005,"GBIF"
"1217","Takydromus amurensis",35.454433,129.046014,"GBIF"
"1218","Takydromus amurensis",35.480331,129.059865,"GBIF"
"1219","Takydromus amurensis",35.43718,128.829362,"GBIF"
"1220","Takydromus amurensis",35.43301,128.845509,"GBIF"
"1221","Takydromus amurensis",35.438494,128.851877,"GBIF"
"1222","Takydromus amurensis",35.436726,128.861951,"GBIF"
"1223","Takydromus amurensis",35.43428,128.885058,"GBIF"
"1224","Takydromus amurensis",35.423002,128.879821,"GBIF"
"1225","Takydromus amurensis",35.409552,128.883196,"GBIF"
"1226","Takydromus amurensis",35.427819,128.898982,"GBIF"
"1227","Takydromus amurensis",35.438362,128.919656,"GBIF"
"1228","Takydromus amurensis",35.427337,128.911309,"GBIF"
"1229","Takydromus amurensis",35.406578,128.90013,"GBIF"
"1230","Takydromus amurensis",35.406003,128.932157,"GBIF"
"1231","Takydromus amurensis",35.400754,128.929133,"GBIF"
"1232","Takydromus amurensis",35.380231,128.922668,"GBIF"
"1233","Takydromus amurensis",35.424665,128.94843,"GBIF"
"1234","Takydromus amurensis",35.410614,128.995447,"GBIF"
"1235","Takydromus amurensis",35.424301,129.002262,"GBIF"
"1236","Takydromus amurensis",35.409375,129.002463,"GBIF"
"1237","Takydromus amurensis",35.391169,128.960563,"GBIF"
"1238","Takydromus amurensis",35.408486,128.968648,"GBIF"
"1239","Takydromus amurensis",35.35849,128.940044,"GBIF"
"1240","Takydromus amurensis",35.353165,128.945537,"GBIF"
"1241","Takydromus amurensis",35.360315,128.976386,"GBIF"
"1242","Takydromus amurensis",35.364054,128.989464,"GBIF"
"1243","Takydromus amurensis",35.34869,129.016523,"GBIF"
"1244","Takydromus amurensis",35.423291,129.045026,"GBIF"
"1245","Takydromus amurensis",35.408932,129.04221,"GBIF"
"1246","Takydromus amurensis",35.391121,129.043106,"GBIF"
"1247","Takydromus amurensis",34.867957,127.233493,"GBIF"
"1248","Takydromus amurensis",34.846111,127.231901,"GBIF"
"1249","Takydromus amurensis",35.306669,128.578387,"GBIF"
"1250","Takydromus amurensis",35.300683,128.581054,"GBIF"
"1251","Takydromus amurensis",34.8357,127.726181,"GBIF"
"1252","Takydromus amurensis",34.621894,127.749464,"GBIF"
"1253","Takydromus amurensis",34.606599,127.749672,"GBIF"
"1254","Takydromus amurensis",34.611119,127.757695,"GBIF"
"1255","Takydromus amurensis",33.389843,126.630346,"GBIF"
"1256","Takydromus amurensis",37.902435,128.006591,"GBIF"
"1257","Takydromus amurensis",37.895584,127.937964,"GBIF"
"1258","Takydromus amurensis",37.962324,127.999812,"GBIF"
"1259","Takydromus amurensis",37.848718,127.994707,"GBIF"
"1260","Takydromus amurensis",38.073583,128.366639,"GBIF"
"1261","Takydromus amurensis",37.859576,128.073139,"GBIF"
"1262","Takydromus amurensis",37.861249,128.087426,"GBIF"
"1263","Takydromus amurensis",37.994779,128.169148,"GBIF"
"1264","Takydromus amurensis",37.946241,128.158515,"GBIF"
"1265","Takydromus amurensis",37.937072,128.182278,"GBIF"
"1266","Takydromus amurensis",37.857062,128.15002,"GBIF"
"1267","Takydromus amurensis",37.942403,128.261256,"GBIF"
"1268","Takydromus amurensis",37.922466,128.198713,"GBIF"
"1269","Takydromus amurensis",37.854931,128.213138,"GBIF"
"1270","Takydromus amurensis",38.282242,128.410734,"GBIF"
"1271","Takydromus amurensis",38.271817,128.382817,"GBIF"
"1272","Takydromus amurensis",38.163655,128.373735,"GBIF"
"1273","Takydromus amurensis",38.226717,128.440216,"GBIF"
"1274","Takydromus amurensis",38.198693,128.508818,"GBIF"
"1275","Takydromus amurensis",38.177653,128.443276,"GBIF"
"1276","Takydromus amurensis",38.174059,128.463275,"GBIF"
"1277","Takydromus amurensis",38.145058,128.542463,"GBIF"
"1278","Takydromus amurensis",38.132906,128.465255,"GBIF"
"1279","Takydromus amurensis",38.081099,128.458044,"GBIF"
"1280","Takydromus amurensis",37.912618,128.27071,"GBIF"
"1281","Takydromus amurensis",37.83018,128.079294,"GBIF"
"1282","Takydromus amurensis",36.216147,127.513648,"GBIF"
"1283","Takydromus amurensis",36.237797,127.528917,"GBIF"
"1284","Takydromus amurensis",36.154756,127.58834,"GBIF"
"1285","Takydromus amurensis",34.881921,126.909107,"GBIF"
"1286","Takydromus amurensis",34.868479,126.909433,"GBIF"
"1287","Takydromus amurensis",34.885314,126.926117,"GBIF"
"1288","Takydromus amurensis",34.870349,126.922647,"GBIF"
"1289","Takydromus amurensis",34.870043,126.933822,"GBIF"
"1290","Takydromus amurensis",34.866424,126.930402,"GBIF"
"1291","Takydromus amurensis",34.862613,126.927013,"GBIF"
"1292","Takydromus amurensis",34.863552,126.924292,"GBIF"
"1293","Takydromus amurensis",34.842468,126.722951,"GBIF"
"1294","Takydromus amurensis",35.306702,127.511342,"GBIF"
"1295","Takydromus amurensis",35.350239,127.557012,"GBIF"
"1296","Takydromus amurensis",35.323035,127.531959,"GBIF"
"1297","Takydromus amurensis",35.268985,127.481004,"GBIF"
"1298","Takydromus amurensis",35.246206,127.480961,"GBIF"
"1299","Takydromus amurensis",35.237074,127.527202,"GBIF"
"1300","Takydromus amurensis",35.2226,127.522508,"GBIF"
"1301","Takydromus amurensis",35.004942,127.868962,"GBIF"
"1302","Takydromus amurensis",34.763376,127.990335,"GBIF"
"1303","Takydromus amurensis",34.751208,128.016566,"GBIF"
"1304","Takydromus amurensis",35.355409,127.64515,"GBIF"
"1305","Takydromus amurensis",35.302919,127.636134,"GBIF"
"1306","Takydromus amurensis",35.28575,127.888898,"GBIF"
"1307","Takydromus amurensis",35.313938,128.003763,"GBIF"
"1308","Takydromus amurensis",35.329338,128.013026,"GBIF"
"1309","Takydromus amurensis",35.317947,128.016745,"GBIF"
"1310","Takydromus amurensis",35.344271,128.052036,"GBIF"
"1311","Takydromus amurensis",35.339963,128.078088,"GBIF"
"1312","Takydromus amurensis",35.330723,128.071134,"GBIF"
"1313","Takydromus amurensis",35.313249,128.044312,"GBIF"
"1314","Takydromus amurensis",35.297697,128.058978,"GBIF"
"1315","Takydromus amurensis",35.298315,128.077748,"GBIF"
"1316","Takydromus amurensis",35.318247,128.081955,"GBIF"
"1317","Takydromus amurensis",35.289461,128.011404,"GBIF"
"1318","Takydromus amurensis",35.26682,128.025338,"GBIF"
"1319","Takydromus amurensis",35.247074,128.014325,"GBIF"
"1320","Takydromus amurensis",35.242544,128.022172,"GBIF"
"1321","Takydromus amurensis",35.235162,128.012407,"GBIF"
"1322","Takydromus amurensis",35.293326,128.059485,"GBIF"
"1323","Takydromus amurensis",35.289824,128.055075,"GBIF"
"1324","Takydromus amurensis",35.284702,128.073109,"GBIF"
"1325","Takydromus amurensis",35.221892,128.063574,"GBIF"
"1326","Takydromus amurensis",35.215699,128.000057,"GBIF"
"1327","Takydromus amurensis",35.530664,129.209115,"GBIF"
"1328","Takydromus amurensis",35.471599,129.245988,"GBIF"
"1329","Takydromus amurensis",35.466487,129.140658,"GBIF"
"1330","Takydromus amurensis",35.421008,129.175911,"GBIF"
"1331","Takydromus amurensis",35.399101,129.175655,"GBIF"
"1332","Takydromus amurensis",35.377597,129.2067,"GBIF"
"1333","Takydromus amurensis",35.374385,129.232374,"GBIF"
"1334","Takydromus amurensis",35.396703,129.246218,"GBIF"
"1335","Takydromus amurensis",35.343178,129.181562,"GBIF"
"1336","Takydromus amurensis",35.351171,129.192968,"GBIF"
"1337","Takydromus amurensis",35.369397,129.224328,"GBIF"
"1338","Takydromus amurensis",35.341664,129.214272,"GBIF"
"1339","Takydromus amurensis",35.339537,129.217792,"GBIF"
"1340","Takydromus amurensis",35.345148,129.243381,"GBIF"
"1341","Takydromus amurensis",35.332984,129.181925,"GBIF"
"1342","Takydromus amurensis",35.332326,129.218542,"GBIF"
"1343","Takydromus amurensis",35.425653,129.102093,"GBIF"
"1344","Takydromus amurensis",35.314669,129.063017,"GBIF"
"1345","Takydromus amurensis",35.296,129.071111,"GBIF"
"1346","Takydromus amurensis",35.288816,129.067581,"GBIF"
"1347","Takydromus amurensis",35.284124,129.070273,"GBIF"
"1348","Takydromus amurensis",35.284065,129.070495,"GBIF"
"1349","Takydromus amurensis",35.269155,129.076963,"GBIF"
"1350","Takydromus amurensis",35.247835,129.031814,"GBIF"
"1351","Takydromus amurensis",35.218725,129.032343,"GBIF"
"1352","Takydromus amurensis",38.007928,127.25979,"GBIF"
"1353","Takydromus amurensis",37.979818,127.260205,"GBIF"
"1354","Takydromus amurensis",37.951786,127.301386,"GBIF"
"1355","Takydromus amurensis",37.867218,127.352685,"GBIF"
"1356","Takydromus amurensis",37.805489,127.79004,"GBIF"
"1357","Takydromus amurensis",37.795019,127.783952,"GBIF"
"1358","Takydromus amurensis",37.805145,127.885392,"GBIF"
"1359","Takydromus amurensis",37.799488,127.888428,"GBIF"
"1360","Takydromus amurensis",37.746864,127.850538,"GBIF"
"1361","Takydromus amurensis",34.470942,126.663742,"GBIF"
"1362","Takydromus amurensis",34.646569,126.329182,"GBIF"
"1363","Takydromus amurensis",34.644853,126.336118,"GBIF"
"1364","Takydromus amurensis",37.673584,127.947059,"GBIF"
"1365","Takydromus amurensis",37.583806,127.904347,"GBIF"
"1366","Takydromus amurensis",37.583326,127.93627,"GBIF"
"1367","Takydromus amurensis",37.645876,128.024235,"GBIF"
"1368","Takydromus amurensis",37.592784,127.993224,"GBIF"
"1369","Takydromus amurensis",37.682593,126.945945,"GBIF"
"1370","Takydromus amurensis",37.699455,127.01805,"GBIF"
"1371","Takydromus amurensis",37.357534,126.905359,"GBIF"
"1372","Takydromus amurensis",37.45835,127.185869,"GBIF"
"1373","Takydromus amurensis",37.615529,126.993355,"GBIF"
"1374","Takydromus amurensis",36.851001,126.948183,"GBIF"
"1375","Takydromus amurensis",36.678131,127.033117,"GBIF"
"1376","Takydromus amurensis",36.540895,126.854341,"GBIF"
"1377","Takydromus amurensis",36.856456,129.157231,"GBIF"
"1378","Takydromus amurensis",36.916269,129.190492,"GBIF"
"1379","Takydromus amurensis",36.919385,129.194131,"GBIF"
"1380","Takydromus amurensis",36.912444,129.197205,"GBIF"
"1381","Takydromus amurensis",36.902929,129.25141,"GBIF"
"1382","Takydromus amurensis",36.907505,129.198031,"GBIF"
"1383","Takydromus amurensis",36.897423,129.194793,"GBIF"
"1384","Takydromus amurensis",36.861799,129.172748,"GBIF"
"1385","Takydromus amurensis",36.85775,129.17656,"GBIF"
"1386","Takydromus amurensis",36.924616,129.341864,"GBIF"
"1387","Takydromus amurensis",36.760018,129.24297,"GBIF"
"1388","Takydromus amurensis",35.645302,126.579705,"GBIF"
"1389","Takydromus amurensis",35.667448,126.617116,"GBIF"
"1390","Takydromus amurensis",35.669791,126.689408,"GBIF"
"1391","Takydromus amurensis",35.658123,126.687015,"GBIF"
"1392","Takydromus amurensis",35.666124,127.02448,"GBIF"
"1393","Takydromus amurensis",35.571989,127.159889,"GBIF"
"1394","Takydromus amurensis",35.566528,127.179294,"GBIF"
"1395","Takydromus amurensis",35.97625,127.500371,"GBIF"
"1396","Takydromus amurensis",36.106233,126.70147,"GBIF"
"1397","Takydromus amurensis",37.062144,127.345221,"GBIF"
"1398","Takydromus amurensis",36.115013,126.904228,"GBIF"
"1399","Takydromus amurensis",37.402476,128.329844,"GBIF"
"1400","Takydromus amurensis",37.444748,128.210032,"GBIF"
"1401","Takydromus amurensis",37.264646,128.474715,"GBIF"
"1402","Takydromus amurensis",37.145177,128.386698,"GBIF"
"1403","Takydromus amurensis",37.17794,128.432086,"GBIF"
"1404","Takydromus amurensis",37.155242,128.425952,"GBIF"
"1405","Takydromus amurensis",37.071034,128.303638,"GBIF"
"1406","Takydromus amurensis",37.070126,128.342825,"GBIF"
"1407","Takydromus amurensis",36.087537,128.472696,"GBIF"
"1408","Takydromus amurensis",36.056968,128.500945,"GBIF"
"1409","Takydromus amurensis",35.889742,126.82574,"GBIF"
"1410","Takydromus amurensis",35.902908,127.589528,"GBIF"
"1411","Takydromus amurensis",35.96165,128.101323,"GBIF"
"1412","Takydromus amurensis",35.947081,128.141018,"GBIF"
"1413","Takydromus amurensis",35.747456,129.206973,"GBIF"
"1414","Takydromus amurensis",35.747467,129.238279,"GBIF"
"1415","Takydromus amurensis",35.817563,129.07393,"GBIF"
"1416","Takydromus amurensis",35.540966,128.839595,"GBIF"
"1417","Takydromus amurensis",35.668432,129.003867,"GBIF"
"1418","Takydromus amurensis",35.696291,129.080246,"GBIF"
"1419","Takydromus amurensis",35.621877,129.033745,"GBIF"
"1420","Takydromus amurensis",35.615343,129.116661,"GBIF"
"1421","Takydromus amurensis",36.665115,127.813434,"GBIF"
"1422","Takydromus amurensis",36.561494,127.775225,"GBIF"
"1423","Takydromus amurensis",36.525184,127.76412,"GBIF"
"1424","Takydromus amurensis",36.467289,127.755271,"GBIF"
"1425","Takydromus amurensis",37.305821,127.318311,"GBIF"
"1426","Takydromus amurensis",37.323091,127.354065,"GBIF"
"1427","Takydromus amurensis",37.3676,127.463192,"GBIF"
"1428","Takydromus amurensis",36.358401,127.232025,"GBIF"
"1429","Takydromus amurensis",36.341452,127.202498,"GBIF"
"1430","Takydromus amurensis",36.203893,127.241039,"GBIF"
"1431","Takydromus amurensis",36.396163,127.277938,"GBIF"
"1432","Takydromus amurensis",37.602032,128.705275,"GBIF"
"1433","Takydromus amurensis",37.517815,128.75369,"GBIF"
"1434","Takydromus amurensis",37.22295,128.510303,"GBIF"
"1435","Takydromus amurensis",37.179132,128.54189,"GBIF"
"1436","Takydromus amurensis",37.246497,128.604524,"GBIF"
"1437","Takydromus amurensis",35.60805,126.787955,"GBIF"
"1438","Takydromus amurensis",35.453586,126.903174,"GBIF"
"1439","Takydromus amurensis",35.553339,126.919644,"GBIF"
"1440","Takydromus amurensis",35.547761,127.009274,"GBIF"
"1441","Takydromus amurensis",35.535547,127.01339,"GBIF"
"1442","Takydromus amurensis",34.589886,126.896067,"GBIF"
"1443","Takydromus amurensis",34.655413,126.939825,"GBIF"
"1444","Takydromus amurensis",34.649511,126.93962,"GBIF"
"1445","Takydromus amurensis",34.525312,126.870221,"GBIF"
"1446","Takydromus amurensis",34.540194,126.893507,"GBIF"
"1447","Takydromus amurensis",34.532255,126.833089,"GBIF"
"1448","Takydromus amurensis",34.51851,126.889917,"GBIF"
"1449","Takydromus amurensis",34.52519,126.908715,"GBIF"
"1450","Takydromus amurensis",38.188931,127.214682,"GBIF"
"1451","Takydromus amurensis",37.431514,126.971245,"GBIF"
"1452","Takydromus amurensis",37.412573,127.026968,"GBIF"
"1453","Takydromus amurensis",37.334983,127.039074,"GBIF"
"1454","Takydromus amurensis",36.270632,126.739276,"GBIF"
"1455","Takydromus amurensis",36.212905,126.665941,"GBIF"
"1456","Takydromus amurensis",36.44962,126.902891,"GBIF"
"1457","Takydromus amurensis",36.411264,126.844177,"GBIF"
"1458","Takydromus amurensis",36.471667,127.004551,"GBIF"
"1459","Takydromus amurensis",36.074258,127.904416,"GBIF"
"1460","Takydromus amurensis",36.076879,127.921325,"GBIF"
"1461","Takydromus amurensis",36.051182,127.874,"GBIF"
"1462","Takydromus amurensis",36.227898,128.140989,"GBIF"
"1463","Takydromus amurensis",36.135744,127.969713,"GBIF"
"1464","Takydromus amurensis",36.098075,128.048975,"GBIF"
"1465","Takydromus amurensis",36.271639,128.284054,"GBIF"
"1466","Takydromus amurensis",37.07853,129.229056,"GBIF"
"1467","Takydromus amurensis",37.097621,129.290825,"GBIF"
"1468","Takydromus amurensis",37.066007,129.307364,"GBIF"
"1469","Takydromus amurensis",37.003689,129.291879,"GBIF"
"1470","Takydromus amurensis",37.019916,129.156043,"GBIF"
"1471","Takydromus amurensis",36.509433,128.756542,"GBIF"
"1472","Takydromus amurensis",36.508851,128.771423,"GBIF"
"1473","Takydromus amurensis",36.487864,128.6719,"GBIF"
"1474","Takydromus amurensis",36.48704,128.713159,"GBIF"
"1475","Takydromus amurensis",36.439712,128.717168,"GBIF"
"1476","Takydromus amurensis",36.494482,128.728778,"GBIF"
"1477","Takydromus amurensis",36.472876,128.738297,"GBIF"
"1478","Takydromus amurensis",36.454891,128.738271,"GBIF"
"1479","Takydromus amurensis",36.480964,128.810281,"GBIF"
"1480","Takydromus amurensis",36.470459,128.811909,"GBIF"
"1481","Takydromus amurensis",36.475195,128.830872,"GBIF"
"1482","Takydromus amurensis",36.436222,128.821572,"GBIF"
"1483","Takydromus amurensis",36.415602,128.728813,"GBIF"
"1484","Takydromus amurensis",36.393424,128.720036,"GBIF"
"1485","Takydromus amurensis",36.376466,128.745913,"GBIF"
"1486","Takydromus amurensis",36.368448,128.898639,"GBIF"
"1487","Takydromus amurensis",36.374382,128.914665,"GBIF"
"1488","Takydromus amurensis",36.366581,128.939024,"GBIF"
"1489","Takydromus amurensis",36.246465,128.71087,"GBIF"
"1490","Takydromus amurensis",36.3349,128.730712,"GBIF"
"1491","Takydromus amurensis",36.285425,128.724509,"GBIF"
"1492","Takydromus amurensis",36.266233,128.731808,"GBIF"
"1493","Takydromus amurensis",36.347278,128.853806,"GBIF"
"1494","Takydromus amurensis",36.324524,128.864609,"GBIF"
"1495","Takydromus amurensis",36.346376,128.976789,"GBIF"
"1496","Takydromus amurensis",36.346418,128.986383,"GBIF"
"1497","Takydromus amurensis",36.304852,128.957387,"GBIF"
"1498","Takydromus amurensis",35.973322,127.963147,"GBIF"
"1499","Takydromus amurensis",35.772156,127.948998,"GBIF"
"1500","Takydromus amurensis",35.904703,128.072319,"GBIF"
"1501","Takydromus amurensis",35.864718,128.072277,"GBIF"
"1502","Takydromus amurensis",35.864121,128.092011,"GBIF"
"1503","Takydromus amurensis",35.762891,127.974045,"GBIF"
"1504","Takydromus amurensis",35.750196,128.210893,"GBIF"
"1505","Takydromus amurensis",35.739111,127.98454,"GBIF"
"1506","Takydromus amurensis",35.74127,128.078945,"GBIF"
"1507","Takydromus amurensis",35.716028,128.08164,"GBIF"
"1508","Takydromus amurensis",35.723041,128.035204,"GBIF"
"1509","Takydromus amurensis",35.678076,128.026424,"GBIF"
"1510","Takydromus amurensis",35.656733,128.08126,"GBIF"
"1511","Takydromus amurensis",35.643898,128.033947,"GBIF"
"1512","Takydromus amurensis",35.735158,128.166112,"GBIF"
"1513","Takydromus amurensis",35.724169,128.212989,"GBIF"
"1514","Takydromus amurensis",35.666953,128.16656,"GBIF"
"1515","Takydromus amurensis",35.638369,128.193009,"GBIF"
"1516","Takydromus amurensis",35.672453,128.275136,"GBIF"
"1517","Takydromus amurensis",35.63541,128.316335,"GBIF"
"1518","Takydromus amurensis",36.680198,128.335878,"GBIF"
"1519","Takydromus amurensis",36.367535,126.678943,"GBIF"
"1520","Takydromus amurensis",37.640865,127.27371,"GBIF"
"1521","Takydromus amurensis",37.576969,127.287708,"GBIF"
"1522","Takydromus amurensis",37.807941,127.334436,"GBIF"
"1523","Takydromus amurensis",37.744358,127.31661,"GBIF"
"1524","Takydromus amurensis",37.689353,127.286574,"GBIF"
"1525","Takydromus amurensis",36.407072,126.68446,"GBIF"
"1526","Takydromus amurensis",37.092771,128.986785,"GBIF"
"1527","Takydromus amurensis",37.115855,128.982904,"GBIF"
"1528","Takydromus amurensis",35.440562,127.297757,"GBIF"
"1529","Takydromus amurensis",35.328591,127.248614,"GBIF"
"1530","Takydromus amurensis",34.791726,127.019377,"GBIF"
"1531","Takydromus amurensis",34.767992,126.935239,"GBIF"
"1532","Takydromus amurensis",34.76126,126.951008,"GBIF"
"1533","Takydromus amurensis",34.731429,126.988885,"GBIF"
"1534","Takydromus amurensis",34.708327,126.973302,"GBIF"
"1535","Takydromus amurensis",34.726181,126.991948,"GBIF"
"1536","Takydromus amurensis",34.726165,127.189564,"GBIF"
"1537","Takydromus amurensis",35.521336,127.452766,"GBIF"
"1538","Takydromus amurensis",35.109461,128.164258,"GBIF"
"1539","Takydromus amurensis",35.106291,128.150372,"GBIF"
"1540","Takydromus amurensis",36.707126,129.219852,"GBIF"
"1541","Takydromus amurensis",36.679358,129.317588,"GBIF"
"1542","Takydromus amurensis",37.053678,128.810686,"GBIF"
"1543","Takydromus amurensis",36.988586,129.023101,"GBIF"
"1544","Takydromus amurensis",36.99734,129.065864,"GBIF"
"1545","Takydromus amurensis",36.433734,129.233153,"GBIF"
"1546","Takydromus amurensis",36.410156,129.180162,"GBIF"
"1547","Takydromus amurensis",36.377192,129.189444,"GBIF"
"1548","Takydromus amurensis",36.366209,129.239127,"GBIF"
"1549","Takydromus amurensis",35.767571,127.653909,"GBIF"
"1550","Takydromus amurensis",35.94809,127.679545,"GBIF"
"1551","Takydromus amurensis",35.946689,127.790769,"GBIF"
"1552","Takydromus amurensis",35.935473,127.892734,"GBIF"
"1553","Takydromus amurensis",35.837022,127.70552,"GBIF"
"1554","Takydromus amurensis",35.884323,127.778169,"GBIF"
"1555","Takydromus amurensis",35.771494,127.695414,"GBIF"
"1556","Takydromus amurensis",35.769964,127.707282,"GBIF"
"1557","Takydromus amurensis",35.111659,127.580149,"GBIF"
"1558","Takydromus amurensis",35.144258,127.636297,"GBIF"
"1559","Takydromus amurensis",35.105261,127.619662,"GBIF"
"1560","Takydromus amurensis",35.100993,127.61979,"GBIF"
"1561","Takydromus amurensis",35.209582,128.191891,"GBIF"
"1562","Takydromus amurensis",35.301404,128.367506,"GBIF"
"1563","Takydromus amurensis",35.232114,128.301172,"GBIF"
"1564","Takydromus amurensis",35.044621,128.184085,"GBIF"
"1565","Takydromus amurensis",35.035672,128.184709,"GBIF"
"1566","Takydromus amurensis",37.534507,128.155914,"GBIF"
"1567","Takydromus amurensis",37.527959,128.13911,"GBIF"
"1568","Takydromus amurensis",37.383015,128.065556,"GBIF"
"1569","Takydromus amurensis",36.929765,128.49739,"GBIF"
"1570","Takydromus amurensis",37.065908,128.966504,"GBIF"
"1571","Takydromus amurensis",37.038725,128.983167,"GBIF"
"1572","Takydromus amurensis",36.475023,129.071576,"GBIF"
"1573","Takydromus amurensis",36.444408,129.08858,"GBIF"
"1574","Takydromus amurensis",34.999907,128.117545,"GBIF"
"1575","Takydromus amurensis",34.99713,128.126618,"GBIF"
"1576","Takydromus amurensis",34.974478,128.084548,"GBIF"
"1577","Takydromus amurensis",35.122995,128.341185,"GBIF"
"1578","Takydromus amurensis",35.076827,128.270329,"GBIF"
"1579","Takydromus amurensis",36.978015,128.905459,"GBIF"
"1580","Takydromus amurensis",36.969211,128.916889,"GBIF"
"1581","Takydromus amurensis",37.342365,128.141252,"GBIF"
"1582","Takydromus amurensis",37.228432,128.103833,"GBIF"
"1583","Takydromus amurensis",37.211666,128.117932,"GBIF"
"1584","Takydromus amurensis",37.170437,128.134672,"GBIF"
"1585","Takydromus amurensis",37.230366,128.205653,"GBIF"
"1586","Takydromus amurensis",37.225523,128.219276,"GBIF"
"1587","Takydromus amurensis",37.218708,128.27086,"GBIF"
"1588","Takydromus amurensis",34.958908,128.15232,"GBIF"
"1589","Takydromus amurensis",34.971608,128.156717,"GBIF"
"1590","Takydromus amurensis",34.969734,128.172196,"GBIF"
"1591","Takydromus amurensis",34.952794,128.178645,"GBIF"
"1592","Takydromus amurensis",35.03138,128.258862,"GBIF"
"1593","Takydromus amurensis",35.021245,128.25424,"GBIF"
"1594","Takydromus amurensis",35.000754,128.258319,"GBIF"
"1595","Takydromus amurensis",35.030796,128.280284,"GBIF"
"1596","Takydromus amurensis",35.025486,128.291821,"GBIF"
"1597","Takydromus amurensis",35.017798,128.292167,"GBIF"
"1598","Takydromus amurensis",35.001987,128.270742,"GBIF"
"1599","Takydromus amurensis",35.012822,128.28809,"GBIF"
"1600","Takydromus amurensis",38.196296,128.221931,"GBIF"
"1601","Takydromus amurensis",38.393544,128.383911,"GBIF"
"1602","Takydromus amurensis",37.572902,127.621967,"GBIF"
"1603","Takydromus amurensis",37.78371,128.071315,"GBIF"
"1604","Takydromus amurensis",37.795894,128.101673,"GBIF"
"1605","Takydromus amurensis",37.726743,127.976032,"GBIF"
"1606","Takydromus amurensis",37.721261,128.033415,"GBIF"
"1607","Takydromus amurensis",37.738867,128.08567,"GBIF"
"1608","Takydromus amurensis",37.70896,128.064668,"GBIF"
"1609","Takydromus amurensis",37.723993,128.121088,"GBIF"
"1610","Takydromus amurensis",37.659586,128.072511,"GBIF"
"1611","Takydromus amurensis",37.567053,128.053071,"GBIF"
"1612","Takydromus amurensis",37.571716,128.110645,"GBIF"
"1613","Takydromus amurensis",37.658185,128.136762,"GBIF"
"1614","Takydromus amurensis",37.633068,128.128718,"GBIF"
"1615","Takydromus amurensis",37.662295,128.246245,"GBIF"
"1616","Takydromus amurensis",37.593175,128.207751,"GBIF"
"1617","Takydromus amurensis",37.059075,128.632084,"GBIF"
"1618","Takydromus amurensis",37.054962,128.6379,"GBIF"
"1619","Takydromus amurensis",37.046556,128.660559,"GBIF"
"1620","Takydromus amurensis",37.038908,128.676757,"GBIF"
"1621","Takydromus amurensis",36.169443,128.596641,"GBIF"
"1622","Takydromus amurensis",36.229602,128.939069,"GBIF"
"1623","Takydromus amurensis",36.211988,128.918228,"GBIF"
"1624","Takydromus amurensis",36.103574,129.006627,"GBIF"
"1625","Takydromus amurensis",36.09077,129.034981,"GBIF"
"1626","Takydromus amurensis",36.031692,127.35098,"GBIF"
"1627","Takydromus amurensis",36.016476,127.331136,"GBIF"
"1628","Takydromus amurensis",35.924426,127.352407,"GBIF"
"1629","Takydromus amurensis",35.899841,127.351973,"GBIF"
"1630","Takydromus amurensis",35.271646,126.610283,"GBIF"
"1631","Takydromus amurensis",35.935322,127.423232,"GBIF"
"1632","Takydromus amurensis",35.908585,127.419726,"GBIF"
"1633","Takydromus amurensis",37.993654,128.679146,"GBIF"
"1634","Takydromus amurensis",37.029127,128.69163,"GBIF"
"1635","Takydromus amurensis",37.019678,128.722466,"GBIF"
"1636","Takydromus amurensis",35.186536,126.413763,"GBIF"
"1637","Takydromus amurensis",35.172192,126.435022,"GBIF"
"1638","Takydromus amurensis",35.186431,126.547517,"GBIF"
"1639","Takydromus amurensis",35.200141,126.560348,"GBIF"
"1640","Takydromus amurensis",35.187926,126.560953,"GBIF"
"1641","Takydromus amurensis",36.04715,128.569407,"GBIF"
"1642","Takydromus amurensis",37.335163,128.575397,"GBIF"
"1643","Takydromus amurensis",36.975505,128.782174,"GBIF"
"1644","Takydromus amurensis",36.952438,128.792074,"GBIF"
"1645","Takydromus amurensis",36.990621,128.853014,"GBIF"
"1646","Takydromus amurensis",34.975194,127.287746,"GBIF"
"1647","Takydromus amurensis",36.55096,127.194905,"GBIF"
"1648","Takydromus amurensis",37.785365,128.710699,"GBIF"
"1649","Takydromus amurensis",37.792114,128.7712,"GBIF"
"1650","Takydromus amurensis",36.850952,128.436479,"GBIF"
"1651","Takydromus amurensis",36.120056,128.283486,"GBIF"
"1652","Takydromus amurensis",36.832242,128.736394,"GBIF"
"1653","Takydromus amurensis",35.947929,128.732102,"GBIF"
"1654","Takydromus amurensis",35.96672,128.88848,"GBIF"
"1655","Takydromus amurensis",36.860234,128.855858,"GBIF"
"1656","Takydromus amurensis",36.85647,128.857816,"GBIF"
"1657","Takydromus amurensis",36.831323,128.850623,"GBIF"
"1658","Takydromus amurensis",36.144688,129.056959,"GBIF"
"1659","Takydromus amurensis",34.953249,127.228565,"GBIF"
"1660","Takydromus amurensis",37.971429,128.70653,"GBIF"
"1661","Takydromus amurensis",36.149381,128.958617,"GBIF"
"1662","Takydromus amurensis",37.493462,128.976398,"GBIF"
"1663","Takydromus amurensis",37.430528,128.965704,"GBIF"
"1664","Takydromus amurensis",36.231033,129.137431,"GBIF"
"1665","Takydromus amurensis",35.065978,126.090878,"GBIF"
"1666","Takydromus amurensis",35.525057,126.568275,"GBIF"
"1667","Takydromus amurensis",35.52947,126.603716,"GBIF"
"1668","Takydromus amurensis",35.518232,126.562295,"GBIF"
"1669","Takydromus amurensis",35.519788,126.588018,"GBIF"
"1670","Takydromus amurensis",35.403752,126.423991,"GBIF"
"1671","Takydromus amurensis",35.308545,126.679647,"GBIF"
"1672","Takydromus amurensis",35.317805,126.69849,"GBIF"
"1673","Takydromus amurensis",35.30214,126.696301,"GBIF"
"1674","Takydromus amurensis",35.477692,126.775139,"GBIF"
"1675","Takydromus amurensis",34.828133,128.6492,"GBIF"
"1676","Takydromus amurensis",34.940356,128.675651,"GBIF"
"1677","Takydromus amurensis",34.783382,128.471657,"GBIF"
"1678","Takydromus amurensis",34.780129,128.500374,"GBIF"
"1679","Takydromus amurensis",34.807771,128.597138,"GBIF"
"1680","Takydromus amurensis",36.726012,129.082464,"GBIF"
"1681","Takydromus amurensis",37.36487,127.430959,"GBIF"
"1682","Takydromus amurensis",35.52287,129.40143,"GBIF"
"1683","Takydromus amurensis",37.832622,126.817486,"GBIF"
"1684","Takydromus amurensis",36.456547,127.122553,"GBIF"
"1685","Takydromus amurensis",36.9,127.166667,"GBIF"
"1686","Takydromus amurensis",36.787518,128.626081,"GBIF"
"1687","Takydromus amurensis",36.853909,128.5095,"GBIF"
"1688","Takydromus amurensis",36.85555,128.567291,"GBIF"
"1689","Takydromus amurensis",36.728207,128.443741,"GBIF"
"1690","Takydromus amurensis",36.806764,128.453197,"GBIF"
"1691","Takydromus amurensis",36.885169,127.475988,"GBIF"
"1692","Takydromus amurensis",36.840933,127.840032,"GBIF"
"1693","Takydromus amurensis",36.802835,127.688439,"GBIF"
"1694","Takydromus amurensis",37.094905,127.530588,"GBIF"
"1695","Takydromus amurensis",37.088016,127.479487,"GBIF"
"1696","Takydromus amurensis",36.40223,126.22378,"GBIF"
"1697","Takydromus amurensis",38.19562,127.51903,"GBIF"
"1698","Takydromus amurensis",36.87117,129.16293,"GBIF"
"1699","Takydromus amurensis",36.91594,129.19611,"GBIF"
"1700","Takydromus amurensis",36.91401,129.19806,"GBIF"
"1701","Takydromus amurensis",36.89075,129.17798,"GBIF"
"1702","Takydromus amurensis",36.88981,129.18012,"GBIF"
"1703","Takydromus amurensis",36.88819,129.18237,"GBIF"
"1704","Takydromus amurensis",36.88679,129.18345,"GBIF"
"1705","Takydromus amurensis",36.74299,129.32061,"GBIF"
"1706","Takydromus amurensis",35.98771,127.97091,"GBIF"
"1707","Takydromus amurensis",35.99121,127.99076,"GBIF"
"1708","Takydromus amurensis",37.02675,128.75742,"GBIF"
